,news_id,title,content,hilight,dateline,provider,category,images,provider_link_page,tms_similarity,tms_raw_stream,textrank_output,label_score,new_label
6700,2100851.2020063014,"""카카오톡·패스(PASS) 앱에서 비대면으로 이동통신 가입한다""","비대면 이동통신 가입 서비스. [제공=과학기술정보통신부] 
 
 
앞으로 간편 본인인증 앱 패스(PASS)와 은행 계좌만 있으면 이동통신 서비스에 가입할 수 있게 됐다. 
 
과학기술정보통신부는 30일 서울 중구 대한상공회의소에서 '제10차 신기술·서비스 심의위원회'를 열고, 총 9건의 규제 샌드박스 과제를 논의했다. 
 
이날 비대면 이동통신 가입 서비스(2건)와 GPS 기반 앱미터기 등 3건이 임시허가를, 택시 차고지 밖 교대 서비스 등 6건이 실증특례를 각각 받았다. 
 
비대면 이동통신 가입 서비스는 카카오톡에 앱인앱(앱 속의 앱) 형태로 제공되는 비대면 통신 가입(알뜰폰·KT) 채널을 활용하는 것으로, 스테이지파이브와 KT, 카카오페이가 신청했다. 
 
현행 전기통신사업법 상 비대면 통신 가입 시 공인 전자 서명, 신용카드, 휴대전화 문자 인증을 통해서만 본인 확인이 가능하다. 카카오페이와 같은 사설 인증서와 복합인증 기술(PASS 앱+계좌 인증)은 사실상 활용이 불가능했다. 하지만 심의위는 올해 12월 시행 예정인 전자서명법 개정안과 이에 따른 전기통신사업법 시행령 개정 전까지 이 서비스에 대해 임시허가를 부여했다. 
 
과기정통부는 이를 통해 알뜰폰 시장 활성화, 간편 본인 확인에 따른 이용자 편익 확대, 오프라인 개통 시 불법 고객정보 유출 및 이용자 피해 예방 등에 효과가 있을 것으로 기대했다. 
 
이와 함께 KST모빌리티의 GPS 기반 앱미터기가 임시허가를 받았다. 이 서비스는 GPS 위치 정보를 기반으로 시간, 거리 등을 계산해 주행요금을 산정·부과하는 스마트폰 단말기 형태다. 서울에서 가맹 택시인 마카롱 택시 500대에 한정해 실증 적용된다. 
 
카카오모빌리티·KM솔루션 및 KST모빌리티의 택시 차고지 밖 교대 서비스는 실증특례를 받았다. 이는 플랫폼 택시(가맹택시) 운전자가 차고지 밖에서 차량 점검, 운송기록 전송, 운전자 근무 교대, 배차관리 등을 원격으로 할 수 있는 서비스다. 다만 여객자동차법 상 택시의 근무교대는 차고지에서 하도록 규정하고 있다. 
 
또 KM솔루션이 신청한 플랫폼 기반 임시 택시 운전자격 운영, KST모빌리티의 요금 선결제 가맹 택시 서비스, 워프솔루션의 원거리 다중 무선충전 스탠드, 칠링키친의 푸드트럭 공유주방 서비스가 실증특례로 모두 인정됐다. 
 
장석영 과기정통부 2차관은 ""이번 심의위에서는 실생활에 필요한 과제들이 새롭게 지정돼 편의성을 높일 것으로 기대한다""며 ""앞으로도 여러 부처들과 긴밀히 협력해 실생활에 필요한 과제들이 빠르게 시장에 출시될 수 있도록 지원하겠다""고 말했다. 
노경조 기자 felizkj@ajunews.com","..앱에서 비대면..앞으로 간편 본인인증 앱 패스(PASS)와 은행 계좌만 있으면 이동통신 서비스에 가입할 수 있게 됐다...현행 전기통신사업법 상 비대면 통신 가입 시 공인 전자 서명, 신용카드, 휴대전화 문자 인증을 통해서만 본인 확인이 가능하다... 카카오페이와 같은 사설 인증서와 복합인증 기술(PASS 앱+계좌 인증)은 사실상 활용이 불가능했다...",2020-06-30T17:55:00.000+09:00,아주경제,"['IT_과학>모바일', 'IT_과학>보안', 'IT_과학>콘텐츠']",https://www.bigkinds.or.kr/resources/images/02100851/2020/06/30/02100851.20200630175608001.01.jpg,http://www.ajunews.com/view/20200630174008279,"['이용자', '운전자', '서울', '비대면', '카카오페이', '실생활', '심의위', '장석영', '과기정통부', '대한상공회의소', '개정안', '모빌리티', '임시허가', '공유주방', 'gps', '실증특례', '과학기술정보통신부', '샌드박스', '앱미터기', '원거리', '스마트폰']",카카오톡 패스 PASS 비대면 이동 통신 가입 서비스 이동 통신 가입 제공 과학기술정보통신부 본인인증 패스 본인 인증 PASS 은행 계좌 이동 통신 서비스 가입 과학기술정보통신부 서울 중구 대한상공회의소   서비스 심의위원회 9건 규제 샌드박스 논의 이날 서비스 이동 통신 가입 2건 GPS 앱미터기 3건 임시허가 택시 차고지 교대 서비스 6건 실증특례 서비스 이동 통신 가입 카카오톡 앱인앱 형태 제공 가입 통신 알뜰폰 KT 채널 활용 스테이지파이브 KT 카카오페이 신청 현행 전기 통신 사업 통신 가입 공인 전자 서명 신용카드 인증 휴대 전화 문자 본인 확인 가능 카카오페이 사설 인증서 복합인증 PASS 계좌 인증 사실 활용 불가능 심의위 예정 시행 전자 서명법 개정안 개정 전기 통신 사업법 시행령 개정 서비스 임시허가 부여 과기정통부 시장 활성 본인 확인 확대 이용자 편익 오프라인 개통 불법 고객 정보 유출 예방 이용자 피해 효과 KST모빌리티 GPS 앱미터기 임시허가 서비스 정보 GPS 위치 거리 계산 주행요금 산정 부과 형태 스마트폰 단말기 서울 가맹 택시 500대 마카롱 택시 한정 실증 적용 카카오모빌리티 KM솔루션 KST모빌리티 택시 차고지 교대 서비스 실증특례 플랫폼 택시 가맹택시 운전자 차량 점검 운송 기록 전송 교대 운전자 근무 배차관리 원격 서비스 여객자동차법 택시 근무교대 차고지 규정 KM솔루션 신청 플랫폼 임시 택시 운전 자격 운영 KST모빌리티 서비스 요금 선결제 가맹 택시 워프솔루션 원거리 다중 무선 충전 스탠드 칠링키친 서비스 푸드 트럭 공유주방 실증특례 인정 2차관 장석영 과기 정통부 심의위 실생활 지정 편의성 부처들 협력 실생활 시장 출시 지원,"['서비스', '앱', '택시', '통신', '가입', '등', '임시', '모빌리티', '교대', '고지', '차', '실증', '기반', '인증', '이동', '비대', '가맹', '것', '특례', '밖', '허가', '건', '과제', '수', '본인', '실생활', '제공', '과학기술', '정보통신', '간편']",2, 앱 통신
5523,7101201.202006031,"홈플러스, 활어회 당일배송 `홈플 어시장` 앱 개시..배달팁 NO","[디지털타임스 심화영 기자] #퇴근 후 싱싱한 활어회 한 접시가 먹고 싶다면 이젠 퇴근길 노량진 수산시장까지 다녀오지 않고도 스마트폰으로 간편하게 배달시킬 수 있는 시대다. 시장 상인들에게 수수료 부담을 안겨주는 배달 전문 앱이 아닌 대형마트 모바일 쇼핑몰 앱에서도 그것이 가능해졌다. 배달팁 없이 '무료'로 배송을 받을 수 있다.



홈플러스는 수산물 전문기업 '바다자리'와 손잡고 활어회 당일 배송 서비스를 진행하는 '홈플 어시장'을 론칭했다고 3일 밝혔다. '홈플 어시장'은 대형마트의 모바일 쇼핑몰 앱이라는 플랫폼을 활용해 전통시장 상인들의 판로 확대를 지원하는 상생형 서비스다.



고객이 오후 2시 전까지 홈플러스 쇼핑몰 애플리케이션을 통해 회 상품을 주문할 경우 '바다자리'가 지정한 노량진수산시장 내 상점에서 직접 회를 뜬 후 포장해 전문 배송업체를 통해 고객의 집 앞까지배달된다.



서비스 지역은 서울과 인천(강화·옹진군제외), 경기도(광명, 안양, 부천, 과천, 성남, 김포시, 고양시 일산지역, 용인시 수지구) 일부 지역에 한해 운영되며, 평일 오후 2시까지 주문하면 당일 오후 6~8시에 별도의 퀵서비스 운송 비용이나 배달팁을 지불하지 않고 무료로 당일 배송 받을 수 있다. 주말 배송을 원한다면 금요일 오후 3시 전까지 배송일을 지정해 주문하면 된다.



'홈플 어시장'을 통해 판매되는 메뉴는 △노량진 초신선 모둠회 소(2~3인분, 7만4000원) △노량진 초신선 모둠회 중(3~4인분, 8만4000원) △노량진 초신선 모둠회 대(5~6인분, 10만3000원) △노량진 초신선 모둠회 특대(7~8인분, 13만원) △노량진 랍스터 모둠회(9만4000원) 등 총 5종이며, 모든 세트 구매 시 계절해산물 서비스와 함께 쌈채소, 간장·쌈장·초고추장, 매운탕거리와 양념 등이 함께 제공된다.



홈플러스는 향후 '홈플 어시장' 판매 상품을 지속 확대해 고객의 선택의 폭을 넓히고, 시장 상인들의 판매 채널을 더욱 확대하겠다는 계획이다.



송승선 홈플러스 모바일사업부문장은 ""최근 코로나19 등으로 인해 시장 방문 고객이 줄면서 판로 개척에 어려움을 겪고 있는 시장 상인들을 위해, 보다 많은 고객들이 이용하는 홈플러스 앱을 통해 싱싱한 회를 배달팁 없이 무료로 당일 배송하는 '홈플 어시장' 서비스를 개시했다""며 ""많은 고객들께서 이 서비스를 이용해주시어 시장 상인들의 매출 회복에도 기여해줄 수 있길 바란다""고 말했다. 심화영기자 dorothy@dt.co.kr",[디지털타임스 심화영 기자] .. 시장 상인들에게 수수료 부담을 안겨주는 배달 전문 앱이 아닌 대형마트 모바일 쇼핑몰 앱에서도 그것이 가능해졌다...'홈플 어시장'은 대형마트의 모바일 쇼핑몰 앱이라는 플랫폼을 활용해 전통시장 상인들의 판로 확대를 지원하는 상생형 서비스다. ..송승선 홈플러스 모바일사업부문장은 ....인해 시장 방문 고객이 줄면서 판로 ..,2020-06-03T07:26:03.000+09:00,디지털타임스,"['경제>서비스_쇼핑', '경제>자동차', '경제>유통']",https://www.bigkinds.or.kr/resources/images/07101201/2020/06/03/07101201.20200603073021001.01.jpg,http://www.dt.co.kr/contents.html?article_no=2020060302109932727002&ref=jeadan,"['노량진', '홈플러스', '모둠회', '활어회', '쇼핑몰', '홈플', '배달팁', '어시장', '수산물', '고양시', '이젠', '송승선', '고객들']",홈플러스 활어회 당일 배송 홈플 어시장 개시 배달팁 퇴근 활어회 접시 이젠 퇴근길 노량진 수산 시장 스마트폰 배달 시대 시장 상인 수수료 부담 배달 전문 대형 마트 모바일 쇼핑몰 가능 배달팁 무료 배송 홈플러스 바다자리 수산물 전문 기업 바다 자리 활어회 당일 배송 서비스 진행 홈플 어시장 론칭 3일 홈플 어시장 대형마트 모바일 쇼핑몰 플랫폼 활용 전통 시장 상인 확대 지원 상생 서비스 고객 2시 애플리케이션 홈플러스 쇼핑몰 상품 주문 바다 지정 노량진수산시장 상점 포장 전문 배송 업체 고객 배달 서비스 지역 서울 인천 강화 옹진군제외 경기도 광명 안양 부천 과천 성남 김포시 고양시 일산 지역 용인시 수지구 지역 운영 평일 2시 주문 당일 6~8시 별도 비용 운송 배달팁 지불 무료 당일 배송 주말 배송 금요일 3시 배송일 지정 주문 홈플 어시장 판매 메뉴 모둠회 노량진 초신선 모둠회 2~3인 7만 모둠회 노량진 초신선 3~4인 8만 모둠회 노량진 초신선 모둠회 5~6인 10만 노량진 초신선 모둠회 특대 7~8인 13만 모둠회 노량진 랍스터 9만 5종 서비스 세트 구매 계절 해산물 쌈채소 간장 쌈장 초고추장 매운탕거리 양념 제공 홈플러스 홈플 어시장 판매 상품 지속 확대 고객 선택 시장 상인 판매 채널 확대 계획 모바일사업부문장 송승선 홈플러스 모바일 사업부 문장 코로나19 고객 시장 방문 판로 개척 어려움 시장 상인 고객들 이용 홈플러스 배달팁 무료 당일 배송 홈플 어시장 서비스 개시 고객들 서비스 이용 시장 상인 매출 회복 기여,"['회', '시장', '배', '송', '노량진', '어시장', '만원', '시', '고객', '서비스', '홈플러스', '상인', '수', '배달', '앱', '당일', '오후', '신선', '인분', '쇼핑몰', '전문', '모바일', '팁', '확대', '주문', '판매', '등', '무료', '대', '바다']",1, 앱
6011,2100801.202006151,전산망 해킹 시도 40대 압수물 뜯어보니…외장하드 61GB '개인정보' 수두룩,"[아시아경제 이관주 기자] 지난해 한 시중은행 전산망 해킹을 시도했다가 구속된 피의자의 압수물에서 신용ㆍ체크카드 정보 등이 담긴 외장하드 두 개가 발견돼 경찰이 수사를 벌이고 있다. 총 1.5테라바이트(TB)에 달하는 두 개의 외장하드에는 61GB 용량의 신용카드 정보가 담긴 것으로 확인됐다. 경찰은 이번 사건이 지난해 발생한 15개 금융회사 개인정보 57만건 유출 사건과 비슷한 규모인 것으로 보고 있다. 
 
15일 경찰에 따르면 서울지방경찰청 보안수사대는 지난해 6월 하나은행 전산망을 해킹하기 위해 악성코드를 심으려 한 이모(42)씨의 여죄를 수사하는 과정에서 외장하드 4개를 입수했다. 이 중 1.5TB 규모의 외장하드 두 개에서 61GB 용량의 신용카드 정보가 발견됐다. 일부 신용카드 정보에는 카드번호는 물론 주민등록번호, 신용카드 비밀번호 등이 포함됐다. 신용카드 사용자의 이름은 발견되지 않았다고 경찰은 전했다. 이씨는 앞서 2014년 카드 가맹점의 포스(POS) 단말기를 해킹해 신용카드 정보를 무더기로 빼냈다가 처벌을 받은 전과가 있는 것으로 확인됐다. 이에 따라 이번에 외장하드에서 발견된 개인정보도 이씨가 해킹을 통해 확보한 것으로 추정된다. 
 
통상 해킹을 통해 유출된 개인정보는 'DB' 형식으로 저장된다. 특정 사이트 이용자의 아이디ㆍ닉네임ㆍ거래 은행 및 계좌번호ㆍ이름ㆍ전화번호 등 개인정보를 엑셀 시트(sheet)에 정리한 것이다. 이렇게 정리된 개인정보는 1명당 차지하는 용량이 크지 않다. 실제 다크웹ㆍ딥웹ㆍ소셜네트워크서비스(SNS) 등을 통해 불법으로 거래되는 개인정보의 경우 DB 파일 하나당 1MB 정도에 그친다. 단순하게 따지면 1.5TB 용량에는 DB 파일 150만개가 들어갈 수 있는데, DB 파일 한 개당 1만여명의 개인정보가 담기는 것을 고려하면 61만개의 개인정보가 들어 있는 셈이다. 경찰 관계자는 ""개인정보 유출 규모에 대해서는 확인 중""이라면서 ""지난해 57만건 유출 사건에 준하는 수준으로 보고 있다""고 말했다. 
 
이씨가 이 같은 개인정보를 어디에 활용하려고 했는지에 대해서도 경찰 조사가 진행 중이다. 개인정보 자체를 가지고 금융 범죄를 저지르기에는 한계가 있기에 이를 재판매하려고 했다는 추측에 무게가 실린다. 다크웹 등지에서 개인정보는 개당 20~25원에 판매된다. 
 
한편 경찰이 확보한 개인정보 자료 분석에는 시간이 소요되는 형국이다. 자료 분석에 필요한 경찰과 금융감독원의 협조가 원활히 이뤄지지 않아서다. 경찰 관계자는 ""금감원에 데이터 분석을 의뢰했으나 협조가 잘 되지 않고 있다""고 밝혔다. 반면 금감원은 ""개인정보가 다량 들어 있는 자료를 금감원이 조사나 분석할 근거가 규정상 없다""며 ""권한 밖의 것을 해달라고 한 것이라 협조하기 어려웠다""고 반박했다. 
 
이에 대해 민갑룡 경찰청장은 이날 기자간담회에서 ""주범은 구속하는 등 수사는 종결된 사안이나 회복을 위한 조치로 개인정보 유출 관련 부분을 당사자에게 안내해야 하는데, 그것을 위한 분류작업 과정에서 금융정보이다 보니 금감원의 협조가 필요한 사안이 있다""며 ""협의하는 과정에서 자료가 방대해서 서로 얘기가 엇갈리는 부분이 있는데, 지방청·경찰청에서 서로 머리를 맞대고 빨리 협업해 해결해야 한다""고 강조했다. 이어 ""이 문제를 해결하기 위한 협업체계를 가동하라고 당부했다""고 덧붙였다. 
 
이관주 기자 leekj5@asiae.co.kr"," 이에 따라 이번에 외장하드에서 발견된 개인정보도 이씨가 해킹을 통해 확보한 것으로 추정된다... 실제 다크웹ㆍ딥웹ㆍ소셜네트워크서비스(SNS) 등을 통해 불법으로 거래되는 개인정보의 경우 DB 파일 하나당 1MB 정도에 그친다.....데이터 분석을 의뢰했으나 협조가 잘..""개인정보가 다량 들어 있는 자료를 금감원이 조사나 분석할 근거가 규정상 없다""며 ..",2020-06-15T12:01:10.000+09:00,아시아경제,['IT_과학>보안'],https://www.bigkinds.or.kr/resources/images/02100801/2020/06/15/02100801.20200615120110003.01.jpg,http:www.asiae.co.kr/article/2020061511501577470,"['개인정보', '외장하드', '전산망', '금감원', '압수물', '이씨', 'db', '만', '사용자', '다크웹', '서울지방경찰청', '하나은행', 'gb', '관계자', '네트워크']",전산망 해킹 시도 압수물 외장 하드 61GB 개인 정보 해킹 시중 은행 전산망 시도 구속 피의자 압수물 신용 체크카드 정보 외장하드 발견 경찰 수사 1.5테라바이트 TB 외장하드 61GB 용량 신용 카드 정보 확인 경찰 사건 발생 금융 회사 개인 정보 유출 사건 규모 경찰 서울지방경찰청 보안 수사대 전산망 하나은행 해킹 악성코드 여죄 수사 외장 하드 입수 1.5 TB 규모 외장하드 61GB 용량 신용 카드 정보 발견 신용 카드 정보 카드번호 주민등록번호 신용 카드 비밀 포함 신용 카드 사용자 이름 발견 경찰 이씨 가맹점 카드 포스 POS 단말기 해킹 신용 카드 정보 무더기 처벌 전과 확인 외장하드 발견 개인정보 이씨 해킹 확보 추정 해킹 유출 개인정보 DB 형식 저장 이용자 특정 사이트 아이디ㆍ닉네임 거래 은행 계좌번호 이름ㆍ전화번호 개인정보 엑셀 시트 sheet 정리 정리 개인정보 1명 차지 용량 실제 다크 딥웹 소셜네트워크서비스 SNS 불법 거래 개인정보 파일 DB 정도 단순 1.5 TB 용량 150만 DB 파일 DB 파일   개인정보 61만 개인정보 경찰 관계자 규모 개인 정보 유출 확인 57만 유출 사건 수준 이씨 개인정보 활용 경찰 조사 진행 개인 정보 자체 금융 범죄 한계 재판매 추측 무게 다크웹 등지 개인정보   판매 경찰 확보 개인 정보 자료 소요 형국 자료 경찰 금융감독원 협조 경찰 관계자 금감원 데이터 의뢰 협조 금감원 개인정보 다량 자료 금감원 조사 근거 규정상 권한 협조 반박 민갑룡 경찰청장 이날 간담회 주범 구속 수사 종결 사안 회복 조치 개인 정보 유출 당사자 안내 분류작업 금융정보 금감원 협조 사안 협의 자료 얘기 지방청 경찰청 머리 협업 해결 강조 해결 협업체계 가동 당부,"['개인정보', '경찰', '것', '개', '정보', '신용카드', '외장', '하드', '유출', '등', '해킹', '지난해', '발견', '용량', '자료', '분석', '협조', '금감원', '확인', '금융', '기자', '수사', '사건', '규모', '중', '번호', '파일', '당', '과정', '부분']",1, 해킹
5648,2100601.202006082,"""나도 모르게 200만원 결제""…금융앱 '토스' 뚫렸다","비밀번호 다섯 자리만 입력하면 연결된 계좌에서 쉽게 돈을 보낼 수 있는 서비스인 모바일 금융 애플리케이션(앱) '토스'에서 고객이 인지하지 못한 채 총 900여만원이 몰래 결제되는 사건이 발생했다. 
 
8일 중앙일보 보도에 따르면 최근 토스 간편결제 서비스를 이용해오던 일부 고객의 개인정보가 도용돼 약 900만원의 금액이 몰래 결제되는 사건이 발생했다. 비슷한 사례를 겪은 피해자는 8명으로, 총 17건의 피해가 발생한 것으로 전해졌다. 
 
여러 은행 계좌를 한 데 모아 관리할 수 있는 토스 앱은 가입자만 약 1700만명에 달하는데, 이들 중 상당수가 이번에 사건이 발생한 토스 간편결제 서비스를 이용하고 있다. 이 서비스는 토스에 결제수단으로 등록된 카드나 현금처럼 이용할 수 있는 '토스머니'로 간편하게 결제할 수 있도록 돕는 서비스다. 
 
토스 측은 토스 앱 자체는 고객의 결제 비밀전호를 저장하지 않기 때문에 해당 사건은 내부 시스템 해킹이 아닌 피해 고객의 개인정보가 도용돼 발생했다고 설명했다. 피해자의 개인정보가 토스가 아닌 다른 경로로 유출돼 제3자가 이를 입수해 간편결제에 이용했다는 주장이다. 
 
현재 토스 측은 피해 계정을 모두 차단하고 가맹점 지급보류 조취를 취한 것으로 알려졌다. 또 지금까지 피해 규모가 파악된 고객에 대해 모두 환급조치를 완료한 것으로 전해졌다. 
 
토스 관계자는 ""신고가 접수되기 전까지 결제가 진행되는 과정에서 이상금융거래탐지시스템(FDS)이 이를 인지하지 못한 것은 사실""이라며 ""다만 피해를 인지한 후 시스템을 가동해 피해자 가운데 4명은 선제적으로 피해를 발견해 연락을 취했다""고 설명했다. 
 
한경닷컴 뉴스룸 open@hankyung.com","'토스' 뚫렸다 비밀번호 다섯 자리만 입력하면 연결된 계좌에서 쉽게 돈을 보낼 수 있는 서비스인 모바일 금융 애플리케이션(앱) ....앱 자체는 고객의 결제 비밀전호를 저장하지 않기 때문에 해당 사건은 내부 시스템 해킹이 아닌 피해 고객..""다만 피해를 인지한 후 시스템을 가동해 피해자 가운데 4명은 선제적으로 피해를 발견해 연락을 취했다""고 설명했다...",2020-06-08T21:09:06.000+09:00,한국경제,"['IT_과학>모바일', 'IT_과학>보안', '경제>금융_재테크']",https://www.bigkinds.or.kr/resources/images/02100601/2020/06/08/02100601.20200608210906001.01.jpg,https://www.hankyung.com/economy/article/2020060844757,"['피해자', '가맹점', '간편결제', '중앙일보', '개인정보', '제자', '조취', '만', '명', '명', '선제적', '이상금융거래탐지시스템', '만', '환급조치', '건', '관계자', '가입자', '비밀번호', '금융앱', '토스머니', '여만', '결제수단', 'fds', '한경닷컴', '만', '토스', '결제', '피해', '발생', '고객', '이용', '금융', '서비스']",200만 결제 금융앱 토스 비밀번호 자리 입력 연결 계좌 서비스 애플리케이션 모바일 금융 토스 고객 900여만 결제 사건 발생 보도 중앙일보 서비스 토스 간편 결제 이용 고객 개인정보 도용 900만 금액 결제 사건 발생 사례 피해자 8명 17건 피해 발생 은행 계좌 관리 토스 가입자 1700만 사건 발생 서비스 토스 간편 결제 이용 서비스 토스 결제수단 등록 카드 현금 이용 토스머니 결제 서비스 토스 토스 자체 토스 고객 결제 비밀 전호 저장 사건 내부 해킹 내부 피해 고객 개인정보 도용 발생 설명 피해자 개인정보 토스 경로 유출 제3자 입수 간편결제 이용 주장 토스 피해 계정 차단 조취 가맹점 지급 보류 피해 규모 파악 고객 환급조치 토스 관계자 신고 접수 결제 진행 이상금융거래탐지시스템 FDS 사실 피해 가동 피해자 4명 피해자 선제적 피해 발견 연락 설명 한경닷컴,"['토스', '결제', '피해', '서비스', '고객', '발생', '이용', '수', '사건', '간편', '것', '앱', '인지', '개인정보', '피해자', '명', '시스템', '측', '계좌', '만원', '도용', '설명']",1, 앱
6500,7101201.2020062525,어떤 재난 발생해도 `통신`은 살아있다,"KT 아현국사 화재와 같이 재난재해로 특정 통신사의 통신망이 먹통이 되더라도, SK텔레콤, LG유플러스 등 경쟁사의 통신망으로 음성통화, 문자 서비스가 가능하게 된다. 



과학기술정보통신부는 이동통신 로밍 시연 행사를 25일 SK텔레콤 분당사옥에서 개최하고, 재난재해 발생시 경쟁사의 서비스를 이용할 수 있도록 할 방침이라고 밝혔다. 



'재난시 이동통신 로밍'은 특정 통신사에 통신재난이 발생했을 때 이용자가 다른 통신사의 통신망을 이용해 끊김없이 서비스를 이용할 수 있도록 하는 서비스다.



이날 이통 3사가 통신망 안정성 강화 대책 일환으로 재난 로밍을 구축했으며, 이를 이동통신 1위 사업자인 SK텔레콤이 업계를 대표해 시연하는 행사를 가졌다. 



지난 2018년 11월, KT 아현국사 화재 당시 통신불통 사태가 발생하면서 개인사용자들은 물론 개인 자영업자들이 통화불통으로 큰 불편과 재산상의 피해를 입었다. 이에 따라, 과기정통부와 통신 3사는 재난재해시 통신 3사간 망 로밍을 위한 논의를 진행해왔다. 그 결과, 이동통신 3사는 2019년 말 로밍 전용 인프라를 구축, 지난 1월 시험망에서 테스트한 바 있다. 



이번 재난 로밍 시행으로, 특정 통신사업자가 광역시 규모의 통신재난(약 200만 회선)이 발생하더라도, 4G·5G 이용자는 별다른 조치없이 재난이 발생하지 않은 다른 사업자의 4G 망을 통해 음성·문자와 같은 통신서비스를 제공받을 수 있게 된다. 

화재로 A사의 기지국이나 교환기가 피해를 입은 경우, B사 통신망을 통해 바로 통화할 수 있다. 



이날 재난 로밍 시연은 KT와 LG유플러스 기지국에 재난이 발생한 상황을 가정, SK텔레콤 기지국에 KT와 LG유플러스 단말을 연결해 음성통화, 무선카드결제, 메신저 이용을 시연하는 방식으로 진행됐다. 



재난발생시, 사용자들이 별다른 단말 조작을 하지 않더라도 경쟁사인 SK텔레콤을 통해 정상적인 서비스 이용이 가능했다.



이를 위해, 이통3사는 각 사별로 약 100만 회선을 수용할 수 있는 재난로밍 전용망을 구축했다. 통신 재난 발생 시, 재난 통신사의 사업자식별번호(PLMN; Public Land Mobile Network)를 비재난 통신사의 기지국에서 송출, 해당 단말기에 로밍하는 방식이다.



통신 재난 발생 시 통신 재난 경보가 발령되며 재난이 발생한 특정 통신사의 4G와 5G 고객은 별도의 조치없이 다른 통신사의 4G망을 통해 음성통화, 문자 등 이동통신 서비스를 이용할 수 있다. 단말기나 유심 교체 없이 바로 가능하다.



다만, 3G의 경우에는 재난이 발생하지 않은 통신사의 대리점에서 유심(USIM)을 개통하고 착신전환 서비스를 적용, 기존 번호로 착신되는 전화를 수신할 수 있으며, 재난이 종료된 후 재난 발생 통신사에 유심비용과 재난기간동안 사용한 요금을 신청하면 사후에 보상받을 수 있다.



장석영 과기정통부 제2차관은 이날 행사에서 ""이동통신 로밍이 재난시 이동통신서비스 안정성을 한 차원 끌어올리는 계기가 될 것""이라며 ""재난은 사후 복구보다는 사전에 예방하는 것이 최선인 만큼 세계 최고 수준의 통신망에 걸맞게 재난대비에서도 세계 최고수준이 될 수 있도록 통신망 안전관리에 더욱 노력해달라""고 당부했다.



강종렬 SK텔레콤 ICT 인프라 센터장은 ""3사가 힘을 합쳐 재난 로밍을 통해 통신 재난이 발생하더라도 이용자의 불편을 최소화했다는 점에서 의미가 있다""며 ""앞으로도 보다 안전하고 안정적으로 통신 네트워크를 제공할 수 있도록 노력할 것""이라고 말했다. 



김은지기자 kej@dt.co.kr","..통신`은 살아있다 KT 아현..과학기술정보통신부는 이동통신 로밍 시연 행사를 25일 SK텔레콤 분당사옥에서 개최하고, 재난재해 발생시 경쟁사의 서비스를 이용할 수 있도록 할 방침이라고 밝혔다...'재난시 이동통신 로밍'은 특정 통신사에 통신재난이 발생했을 때 이용자가 다른 통신사의 통신망을 이용해 끊김없이 서비스를 이용할 수 있도록 하는 서비스다. ..",2020-06-25T20:50:18.000+09:00,디지털타임스,"['IT_과학>모바일', 'IT_과학>보안', 'IT_과학>콘텐츠']",https://www.bigkinds.or.kr/resources/images/07101201/2020/06/25/07101201.20200625190102001.01.jpg,http://www.dt.co.kr/contents.html?article_no=2020062602100831032002&ref=jeadan,"['통신망', '통신사', '기지국', '경쟁사', '사', '사업자', 'kt', 'sk텔레콤', '재난로밍', '재난재해', '이용자', '안정성', '장석영', '과기정통부', '음성통화', '강종렬', 'sk']",재난 발생 통신 이통 재난로밍 시연 경쟁사 사용 위급 상황 경쟁사 통화 문자 서비스 가능 화재 KT 아현국사 재난재해 특정 통신사 통신망 먹통 SK텔레콤 LG유플러스 경쟁사 통신망 음성통화 문자 서비스 가능 과학기술정보통신부 이동 통신 로밍 시연 행사 분당사옥 SK 텔레콤 분당 사옥 개최 경쟁사 재난 재해 발생 서비스 이용 방침 로밍 재난 이동 통신 특정 통신사 통신재난 발생 이용자 통신사 통신망 이용 서비스 이용 서비스 3사 이날 이통 일환 통신망 안정 강화 대책 재난 로밍 구축 사업자 이동 통신 SK텔레콤 업계 대표 시연 행사   화재 KT 아현국사 화재 통신불통 사태 발생 개인사용자들 개인 자영업자 통화불통 불편 재산상 피해 과기정통부 통신 3사 재난 재해 통신 로밍 논의 진행 결과 이동 통신 2019년 인프라 로밍 전용 구축 시험 테스트 시행 재난 로밍 특정 통신 사업자 규모 통신재난 회선 발생 4G·5 이용자 조치 재난 발생 사업자 4G 음성 문자 통신서비스 제공 화재 A사 기지국 교환기 피해 통신망 통화 이날 재난 로밍 시연 KT LG 유플러스 기지국 재난 발생 상황 가정 SK 텔레콤 기지국 KT LG 플러스 단말 연결 음성통화 무선카드결제 메신저 이용 시연 방식 진행 재난발생시 단말 조작 경쟁사 SK텔레콤 정상적 서비스 이용 가능 이통3사 사별 회선 수용 재난로밍 전용 구축 발생 통신 재난 발생 재난 통신사 사업자식별 PLMN Public Land Mobile Network 통신사 기지국 송출 단말기 로밍 방식 발생 경보 통신 재난 발생 통신 재난 발령 재난 발생 특정 통신사 4G 고객 별도 조치 통신사 4G망 음성통화 문자 이동 통신 서비스 이용 단말기 유심 교체 가능 3G 재난 발생 통신사 대리점 유심 USIM 개통 착신 전환 서비스 적용 착신 전화 수신 재난 종료 통신사 재난 발생 유심비용 재난 기간 사용 요금 신청 사후 보상 제2차관 장석영 과기 정통부 차관 이날 행사 이동 통신 로밍 안정성 재난 이동 통신 서비스 안정 차원 계기 재난 사후 복구 사전 예방 최선 만큼 세계 최고 수준 통신망 재난대비 세계 최고 수준 통신망 안전 관리 노력 당부 센터장 강종렬 SK 텔레콤 ICT 인프라 3사 재난 로밍 통신 재난 발생 이용자 불편 최소화 의미 안전 안정적 통신 네트워크 제공 노력,"['재난', '통신', '발생', '로밍', '수', '통신사', '서비스', '통신망', '이동', 'SK텔레콤', '이용', '망', '특정', '음성', '시연', '기지국', '안정', '것', '유심', '시', '사', '사업자', '구축', '화재', '행사', '가능', '문자', '통화', '경쟁사', 'LG유플러스']",2, 통신 통신망
6363,1100101.2020062308,제주공항서 10대 중학생이 30대 신분증으로 항공기 탑승…보안 ‘구멍’,"중학생이 제주국제공항에서 주운 신분증과 항공기 탑승권으로 김포로 가는 항공기에 탑승하는 사건이 발생했다. 20살 가까이 차이나는 성인 신분증을 보여주었는데도 아무런 제재 없이 검색대를 통과하면서 제주공항 보안의 허점이 도마 위에 오르고 있다. 제주지방경찰청은 주운 신분증과 탑승권으로 항공기에 탑승한 혐의(항공보안법 위반·점유이탈물횡령죄·업무방해 등)로 ㄱ군(14)을 붙잡아 조사하고 있다고 23일 밝혔다.

경찰에 따르면 ㄱ군은 전날인 22일 오후 1시40분쯤 제주국제공항 대한항공 라운지 맞은편 의자에 있던 ㄴ씨(33)의 지갑을 주웠다. 

ㄱ군은 공항 보안검색대에서 지갑 안에 있는 ㄴ씨의 신분증과 탑승권을 내밀었지만 아무런 문제 없이 통과했고, 오후 3시에 출발 예정인 에어부산 BX8096편에 탑승했다. ㄱ군은 항공기에 탑승 후 화장실에 숨어있다가 이륙 직전 객실 승무원에게 적발됐다. 지갑을 잃어버린 ㄴ씨가 탑승권을 재발급받아 이미 자리에 앉아 있던 상태였기 때문이다. 항공사는 ㄴ씨가 재발급 받은 탑승권의 바코드를 스캔했을 때 중복 표시가 떴지만 신원이 확실하고 일행이 있는데다 종종 발생하는 기기오류로 판단하고 ㄴ씨를 탑승시켰다.

결국 이동 중이던 항공기는 활주로에 진입하지 못하고 다시 탑승장으로 돌아오는 ‘램프리턴’을 해야 했다. 항공기는 ㄱ군을 내린 뒤 예정보다 1시간여 늦은 오후 4시25분쯤 제주를 떠났다. 해당 항공기에는 승객 195명이 타고 있었다.

한국공항공사 제주지역본부는 자세한 경위를 조사하고, 대책을 논의하고 있다고 밝혔다. 경찰은 ㄱ군과 해당 항공사, 공항공사 등을 대상으로 자세한 경위를 조사하고 있다.

박미라 기자 mrpark@kyunghyang.com","..보안 .. 20살 가까이 차이나는 성인 신분증을 보여주었는데도 아무런 제재 없이 검색대를 통과하면서 제주공항 보안의 허점이 도마 위에 오르고 있다...ㄱ군은 공항 보안검색대에서 지갑 안에 있는 ㄴ씨의 신분증과 탑승권을 내밀었지만 아무런 문제 없이 통과했고, 오후 3시에 출발 예정인 에어부산 BX8096편에 탑승했다.....ark@kyunghyang...",2020-06-23T15:11:33.000+09:00,경향신문,"['지역>제주', '지역>경남', '지역>부산']",https://www.bigkinds.or.kr/resources/images/01100101/2020/06/23/01100101.20200623144906001.01.jpg,http://news.khan.co.kr/kh_news/khan_art_view.html?artid=202006231448011&code=620117,"['ㄱ군', '항공기', '제주', '신분증', 'ㄴ씨', '탑승권', '에어부산', '제주국제공항', '항공사', '검색대', '재발급', '승무원', '중학생', '한국공항공사', '대한항공', '맞은편', '제주공항', '국제공항', '점유이탈물횡령죄', '이탈물', '횡령죄', '보안법', '업무방해', '항공보안법', '탑승장', '기기오류', '차이나', '살', '공항공사', '활주로', '램프리턴', '제주지방경찰청', '화장실', '경찰청', '김포']",제주공항 중학 신분증 항공기 탑승 보안 구멍 중학생 제주국제공항 신분증 항공기 탑승권 김포 항공기 탑승 사건 발생 20살 차이나 성인 신분증 제재 검색대 통과 제주공항 보안 허점 도마 제주지방경찰청 신분증 탑승권 항공기 탑승 혐의 항공보안법 위반 점유이탈물횡령죄 업무방해 ㄱ군 조사 23일 경찰 ㄱ군 22일 1시 분쯤 의자 제주 국제공항 대한항공 라운지 맞은편 ㄴ씨 지갑 ㄱ군 공항 보안 검색대 지갑 ㄴ씨 신분증 탑승권 통과 3시 출발 예정 에어부산 BX 탑승 ㄱ군 항공기 탑승 화장실 이륙 직전 객실 승무원 적발 지갑 ㄴ씨 탑승권 재발급 자리 상태 항공사 ㄴ씨 재발급 탑승권 바코드 스캔 표시 중복 신원 일행 발생 기기오류 판단 ㄴ씨 탑승 결국 이동 항공기 활주로 진입 탑승장 램프리턴 항공기 ㄱ군 예정 1시간 4시 분쯤 제주 항공기 승객 한국공항공사 제주 지역 본부 경위 조사 대책 논의 경찰 ㄱ군 항공사 공항공사 대상 경위 조사,"['항공기', '탑승권', '씨', '신분증', '탑승', '보안', '조사', '오후', '자세', '제주국제공항', '발생', '통과', '제주', '경위', '일', '경찰', '시', '쯤', '지갑', '공항', '예정', '탑승', '발급', '항공사', '해당', '등']",1, 보안
3243,1100401.2020040306,오픈소스 인공호흡기[횡설수설/김영식],"코로나19에 감염돼 지난달 20일 응급실로 향했던 벨기에의 쉬잔 호일라에르츠 할머니(90)는 인공호흡기 사용을 거절했다. “이미 멋진 삶을 살았다. 호흡기를 젊은이에게 사용해 달라”고 했고 이틀 뒤 세상을 떴다. 이탈리아의 돈 주세페 베라르델리 신부(72)도 인공호흡기를 젊은 환자에게 양보한 뒤 숨을 거뒀다. 인공호흡기는 코로나19 감염자의 생사를 가르는 핵심 의료기기인데, 절대적인 수가 부족하다. 의사가 어느 환자를 살릴지 고르는 상황까지 왔다. 
 
 ▷인공호흡기는 자가 호흡이 불가능한 환자에게 산소가 더 필요한 순간에 더 많이 공급하고, 덜 필요할 때 줄여주는 퍼지(fuzzy) 기능이 있는 민감한 장치다. 코로나19 대응에 필수적이다. 실제로 각국의 치명률에도 영향을 미치고 있다. 치명률이 11%인 이탈리아가 보유한 인공호흡기는 3000여 대로 인구 10만 명당 8.3대에 불과하다. 치명률이 1%에 불과한 독일은 10만 명당 30대를 보유하고 있다. 치명률이 1.5%인 우리는 9800대로, 10만 명당 19대다. 
 
 ▷미국 내 확진자가 급증하자 도널드 트럼프 대통령은 6·25전쟁 때 만든 국방물자생산법(DPA)을 발동해 제너럴모터스(GM)에 인공호흡기 생산을 명령했다. 영국은 롤스로이스, 프랑스는 푸조와 시트로엥을 독려해 인공호흡기 제작을 검토 중이다. 차 엔진에 흡입배기 기관이 있어 인공호흡기와 비슷한 데다 차 생산 업체들이 대규모 조립 라인을 갖춘 점이 고려됐다고 한다. 
 
 ▷자동차 업체들은 기존 제작 업체와 협업을 택했다. GM은 벤텍라이프시스템과, 포드는 GE 헬스케어와 손잡았다. 하지만 이곳에서 한 달에 1만∼2만 대를 생산해도 최대 74만 대가 필요한 미국은 물론이고 전 세계 수요를 감당하기엔 턱없이 부족하다. 이탈리아는 동물용 인공호흡기를 활용할 수 있을지 검토할 정도다. 
 
 ▷매사추세츠공대(MIT)가 팔을 걷어붙이고 나섰다. MIT는 ‘E-벤트(긴급 인공호흡기) 팀’을 만들었다. E-벤트 팀은 10년 전 프로젝트를 꺼내 디자인을 수정한 뒤 온라인에 무료로 공개하는 오픈소스 프로젝트를 시작했다. 3차원(3D) 프린터 등을 이용해 간단하면서도 안정적인 인공호흡기를 보다 빠르게 제작하기 위해 집단지성에 호소한 것이다. 자동차 업체를 비롯한 대기업들이 인공호흡기를 대량으로 생산해 내게 되고, 기존에 3만 달러(약 3700만 원) 수준인 인공호흡기 가격을 500달러로 낮출 수 있다는 기대가 높아진다. 부디 오픈소스 프로젝트가 성공적으로 진행돼 의료 인프라가 열악한 곳에서도 더 많은 생명을 살릴 수 있기를 희망해 본다. 
　 
김영식 논설위원 spear@donga.com","오픈소스 인공호흡.. 인공호흡기는 코로나19 감염자의 생사를 가르는 핵심 의료기기인데, 절대적인 수가 부족하다... E-벤트 팀은 10년 전 프로젝트를 꺼내 디자인을 수정한 뒤 온라인에 무료로 공개하는 오픈소스 프로젝트를 시작했다... 부디 오픈소스 프로젝트가 성공적으로 진행돼 의료 인프라가 열악한 곳에서도 더 많은 생명을 살릴 수 있기를 희망해 본다...",2020-04-02T18:00:00.000+09:00,동아일보,"['IT_과학>인터넷_SNS', '경제>자동차', '경제>반도체']",https://www.bigkinds.or.kr/resources/images/01100401/2020/04/03/01100401.20200403030200001.01.jpg,http://www.donga.com/news/article/all/20200403/100480419/1,"['인공호흡기', '코로나', '이탈리아', '치명률', '미국', '자동차', '오픈소스', '벤트', '도널드', '응급실', '쉬잔', '주세페', '호일라에르츠', '대', '업체들', '대', '생산법', '차원', '제너럴모터스']",오픈소스 인공호흡기 횡설수설 김영식 코로나19 감염 응급실 벨기에 할머니 쉬잔 호일라에르츠 인공호흡기 사용 거절 호흡기 젊은이 사용 이틀 세상 이탈리아 주세페 베라르델리 신부 인공호흡기 환자 양보 인공호흡기 코로나19 감염자 생사 핵심 의료 기기 절대적 부족 의사 환자 상황 인공호흡기 호흡 불가능 환자 산소 순간 공급 퍼지 fuzzy 장치 코로나19 대응 필수적 각국 치명률 영향 치명률 11% 이탈리아 보유 인공호흡기 3000여 인구 치명률 1% 독일 30대 보유 치명률 1.5% 9800대 19대 미국 확진자 급증 대통령 도널드 트럼프 6·25전쟁 국방물자생산법 DPA 발동 제너럴모터스 GM 인공호흡기 생산 명령 영국 롤스로이스 프랑스 푸조 시트로엥 독려 인공호흡기 제작 검토 엔진 흡입배기 기관 인공호흡기 업체들 생산 업체 라인 조립 자동차 업체 제작 업체 협업 GM 벤텍라이프시스템 포드 GE 헬스 케어 1만 2만 생산 최대 미국 물론 세계 수요 감당 부족 이탈리아 동물 인공호흡기 활용 검토 정도 매사추세츠공대 MIT MIT E-벤트 긴급 인공호흡기 E-벤트 10년 프로젝트 디자인 수정 온라인 무료 공개 오픈소스 프로젝트 시작 3차원 3D 프린터 이용 안정적 인공호흡기 제작 집단지성 호소 자동차 업체 대기업들 인공호흡기 대량 생산 달러 3700만 수준 인공호흡기 가격 500달러 오픈소스 프로젝트 성공적 진행 의료 인프라 생명 희망,"['인공호흡', '생산', '수', '치명', '대', '업체', '필요', '명당', '제작', '코로나', '뒤', '이탈리아', '환자', '프로젝트', '사용', '오픈소스', '부족', '자', '때', '보유', '대로', '불과', '미국', '검토', '차', '자동차', '기존', '벤트', '팀', '의료']",1, 오픈소스
3751,1100201.2020042012,"다비오, 롯데백화점에서 ‘AR내비게이션’ 시범 테스트 진행","지도 데이터 기술 기업 (주)다비오(대표 박주흠)는 비전 기반의 실내측위기술이 접목된 AR내비게이션 기술 테스트를 소공동 롯데백화점 본점에서 진행했다고 밝혔다. 
 
다비오에 따르면 이번 테스트에서 AR 내비게이션과 함께 매장 별 정보를 AR로 띄우는 직관적인 서비스를 구현했다. 사용자가 서비스를 이용할 때 길안내 뿐만 아니라, 할인 쿠폰이나 이벤트 정보같은 콘텐츠를 추가해 스마트폰 화면 상에서 볼 수 있도록 기획했다. 소비자가 매장에서 스마트폰을 사용할 때에도 지속적으로 매장과 상호작용을 할 수 있도록 한 것이다. 
 
롯데백화점 디지털사업부문은 다비오의 해당 기술 실증을 위해 본점 일부 층에서 데이터를 수집하고 테스트를 진행할 수 있도록 장소를 제공하는 등 협의를 했다. 이번 테스트는 매장을 방문한 고객이 이용할 수 있도록 공개하고 있지는 않다. 하지만 이와 같은 상용화 노력을 바탕으로 향후 실내 AR 내비게이션 기반으로 한 서비스 도입을 검토하고 있다. 
 
다비오 사업전략부 담당자는 ""그동안 다양한 장소에서 실증을 거쳐온 비전 기반 실내 측위기술의 상용화를 앞두고 면밀히 검증해 볼 수 있었던 기회였다""며, ""실제 서비스에서는 다양한 AR콘텐츠를 올려 더욱 흥미롭고 유용한 서비스가 될 수 있도록 기술 고도화에 힘쓰겠다""고 밝혔다. 
 
다비오는 스마트폰 카메라를 통해 들어오는 이미지 정보를 바탕으로 실내에서 내 위치를 찾아낼 수 있는 기술을 2019년에 선보인 바 있다. 기존 측위 기술로는 비콘이나 UWB 장치 또는 실내 Wi-Fi 신호 정보를 기반으로 하는 기술들이 있다. 하지만 다비오 비전 기반의 실내 측위 기술은 이전 기술들이 갖는 한계점을 보완하기 위해 자체적으로 연구 개발한 것으로 측위를 위한 이미지 분석 인공지능 기술이 도입된 것이 특징이다. 
 
디지털기획팀 이세연 lovok@kmib.co.kr",다비오에 따르면 이번 테스트에서 AR 내비게이션과 함께 매장 별 정보를 AR로 띄우는 직관적인 서비스를 구현했다... 기존 측위 기술로는 비콘이나 UWB 장치 또는 실내 Wi-Fi 신호 정보를 기반으로 하는 기술들이 있다.....비전 기반의 실내 측위 기술은 이전 기술들이 갖는 한계점을 보완하기 위해 자체적으로 연구 개발한 것으로 측위를 위한 이미지 분..,2020-04-20T13:30:44.000+09:00,국민일보,"['IT_과학>콘텐츠', 'IT_과학>보안', 'IT_과학>모바일']",https://www.bigkinds.or.kr/resources/images/01100201/2020/04/20/01100201.20200420133103001.01.jpg,http://news.kmib.co.kr/article/view.asp?arcid=0014496184&code=61141611&cp=kd,"['다비오', '측위', '롯데백화점', '스마트폰', 'ar', 'ar내비게이션', '상용화', '인공지능', '소공동', 'uwb', '디지털기획팀', '그동안', '한계점', '다비', '상호작용', '비콘', '박주흠', '소비자']",다비오 롯데백화점 AR내비게이션 진행 시범 테스트 롯데백화점 디지털 사업 협업 본점 AR 내비게이션 서비스 지도 데이터 기업 다비오 대표 박주흠 비전 실내측위기술 접목 AR내비게이션 테스트 AR 내비게이션 본점 소공동 롯데백화점 진행 다비오 테스트 AR 내비게이션 매장 정보 AR 직관적 서비스 사용자 서비스 이용   할인 쿠폰 이벤트 정보 콘텐츠 추가 스마트폰 화면 기획 소비자 매장 스마트폰 사용 지속적 매장 상호작용 롯데백화점 디지털 사업 다비오 실증 본점 데이터 수집 테스트 진행 장소 제공 협의 테스트 매장 방문 고객 이용 공개 상용 노력 바탕 내비게이션 실내 AR 서비스 검토 다비오 사업 전략 그동안 장소 실증 비전 실내 측위 상용화 검증 기회 실제 서비스 AR콘텐츠 흥미 서비스 고도 다비 스마트폰 카메라 이미지 정보 바탕 실내 위치 2019년 측위 비콘 UWB 장치 실내 Wi-Fi 신호 정보 다비오 비전 실내 측위 한계점 보완 자체적 측위 이미지 인공지능 이미지 인공 지능 특징 디지털기획팀,"['기술', '수', '실내', '기반', '측위', 'AR', '서비스', '다비', '테스트', '정보', '스마트폰', '것', '오', '비전', '내비게이션', '롯데백화점', '데이터', '기술', '본점', '다', '비오', '이번', '매장', '이용', '진행', '다양', '실증', '도입', '바탕', '상용']",1, AR
8335,1100611.2020080604,‘앱 방문수 1위’ 굳힌 카뱅…2분기 순익 268억 찍었다,"카카오뱅크는 6월 말 기준 모바일 애플리케이션 이용자 수가 1173만명으로 은행 앱 가운데 1위를 기록했다고 5일 밝혔다. 2분기 순이익 268억원을 기록하면서 상반기 누적 순이익은 453억원을 달성했다. 카카오뱅크의 ‘깜짝 실적’에는 상반기 대출 증가로 인한 이자 부분 이익이 확대된 영향이 크다. 카카오뱅크는 “자본 확충을 위해 하반기부터는 기업공개(IPO)를 위한 실무 준비에 나선다”고 밝혔다.
카카오뱅크 이용자 수는 2019년 5월 이후 은행권 모바일 앱 중 1위를 유지하고 있다. 월 1회 이상 계좌에 접속하는 이용자 수는 지난해 12월 1062만명에서 올 6월 1173만명으로 10% 이상 늘었다. 카카오뱅크에 계좌를 개설한 고객도 6월 말 기준 1254만명으로 지난해 같은 기간 대비 약 11% 증가했다. 경제활동인구의 44.3%가 카카오뱅크를 이용하고 있는 것으로 나타났다.
이용자 수가 증가하면서 카카오뱅크의 주력 상품인 신용대출과 전월세보증금대출 등의 실적도 향상돼 대출 잔액은 상반기 중 14조 8800억원에서 17조 6800억원으로 늘었다. 올 상반기 이체 금액도 100조원으로 늘어 지난해 상반기(55조원)보다 2배 가까이 증가했다.
윤연정 기자 yj2gaze@seoul.co.kr",‘앱 방문수 1위’ 굳힌 카뱅…2분기 순익 268억 찍었다 카카오뱅크는 6월 말 기준 모바일 애플리케이션 이용자 수가 1173만명으로 은행 앱 가운데 1위를 기록했다고 5일 밝혔다...‘깜짝 실적’에는 상반기 대출 증가로 인한 이자 부분 이익이 확대된 영향이 크다..카카오뱅크 이용자 수는 2019년 5월 이후 은행권 모바일 앱 중 1위를 유지하고 있다...,2020-08-06T00:00:00.000+09:00,서울신문,"['경제>유통', '경제>금융_재테크', '경제>자동차']",https://www.bigkinds.or.kr/resources/images/01100611/2020/08/06/01100611.20200806051310001.01.jpg,http://www.seoul.co.kr/news/newsView.php?id=20200806020021,"['카카오뱅크', '상반기', '이용자', '위', '순이익', '만', '방문수', '억', '기업공개', '신용대출', '전월세', '억', '경제활동인구', '전월세보증금대출', '보증금', '배', '조', '카뱅', '조', 'ipo']",1위 방문수 카뱅 2분기 순익 카카오뱅크 6월 기준 모바일 애플리케이션 이용자 1173만 은행 은행 기록 5일 268억 순이익 기록 순이익 상반기 누적 453억 달성 카카오뱅크 실적 증가 상반기 대출 이자 이익 확대 영향 카카오뱅크 자본 확충 기업공개 IPO 실무 준비 카카오 뱅크 이용자   은행 모바일 1위 유지 계좌 접속 이용자   10% 카카오뱅크 계좌 개설 고객 6월 기준 기간 대비 11% 증가 경제활동인구 44.3% 카카오뱅크 이용 이용자 증가 카카오뱅크 주력 상품 신용대출 전월세보증금대출 실적 향상 대출 잔액 상반기   금액 상반기 이체 100조 상반기 55조 2배 증가,"['카카오', '뱅크', '월', '상반기', '수', '명', '원', '대출', '증가', '지난해', '이용자', '계좌', '이상', '기준', '모바일', '은행', '앱', '위', '기록', '순이익', '실적', '중', '말']",2, 모바일 앱
3415,1300101.2020040802,"소비자도 업주도 ‘윈윈’하는 결제, 모바일로 손쉽게","특집 | 춘천사랑상품권 모바일 출시
10일부터 전자상품권 발행
내달 1일 전용 결제 앱 출시
발행규모 150억원 확대
6월까지 10% 상시할인
소비자 60% 소득공제
사용업소 수수료 무료 [강원도민일보 오세현 기자] 춘천 지역화폐인 춘천사랑상품권이 모바일로 새롭게 태어난다.춘천시는 8일 한국간편결제진흥원과 위수탁관리 계약을 체결하고 10일부터 ‘춘천사랑상품권 전자상품권’을 발행한다.5월1일에는 전용 결제 앱도 출시된다. 

지난 2017년 첫 선을 보인 춘천사랑상품권은 3년만에 지역 화폐로 자리매김했다.춘천사랑상품권은 현재 2000원권,5000원권,1만원권 3종으로 발행되고 있으며 지역내 농·축협 48곳에서 구입할 수 있다.2017년부터 현재까지 누적판매 금액은 96억원,환전 액수는 70억7000만원을 기록,환전률 73.6%를 기록했다.올해만해도 3월까지 43억원을 판매했고 이 중 28억9000만원이 환전,환전률 67%를 보이고 있다. 

춘천사랑상품권을 모바일로도 이용할 수 있게 되면서 상품권 이용 역시 더욱 활성화 될 전망이다.시는 모바일 결제 앱 출시에 맞춰 올해 춘천사랑상품권 발행규모를 350억원으로 책정했다.당초 200억원보다 150억원 증가했다. 

이중 종이 상품권은 230억원이고 전자상품권 발행 액수는 120억원이다.더욱이 코로나19로 인한 지역경제 위기 상황을 극복하기 위해 6월까지 상시할인 10%를 적용했다. 

전자상품권 출시 기념으로 할인구매 한도도 기존 50만원에서 100만원(종이상품권 50만원,모바일 50만원)으로 늘렸다. 

모바일 상품권은 지역내 제로페이 가맹점에서 사용할 수 있으며 사용업소는 수수료 0%,소비자는 연말정산 소득공제 30% 혜택까지 주어진다.코로나19 대응으로 특별할인판매기간인 6월까지는 상품권 구입 후 현금영수증을 발급 받으면 소득공제 비율이 60%다. 

모바일 춘천사랑상품권을 사용하려는 업체는 온·오프라인으로 신청하면 된다.온라인의 경우 제로페이 홈페이지에 접속해 가맹점 등록 신청→QR코드 발송→가맹점주 앱 설치 절차를 거쳐야 하며 오프라인으로 신청하려면 소상공인지원센터에 비치된 가맹가입 신청서를 작성해 제출하면 된다.이후 온라인과 마찬가지로 QR코드가 발송되면 가맹점주 앱을 설치해야 한다.소비자들은 상품권 전용앱이나 간편 결제사 앱을 설치하고 모바일 상품권을 선택,충전한 후 결제하면 된다.모바일의 경우 물건을 구입하고 앱을 실행,소비자가 판매자 QR코드를 촬영한 후 결제를 누르면 된다. 

춘천시는 춘천사랑상품권 사용등록업소 4100곳을 대상으로 제로페이 가맹점 전환도 추진한다.춘천시가 전자상품권 출시 안내 및 정보제공 동의 문자를 전송하면 사용등록업소에서 문자에 포함된 링크를 클릭,사용자 정보 제공에 동의하고 제로페이 가맹 관련 자료를 입력한다.이후 간편결제진흥원에서 자료를 확인 후 사용등록업소에 QR코드 및 어플등록 방법을 발송한다.시는 이달부터 12월까지 각 상가를 방문해 제로페이 가맹 등록과 안내를 홍보할 방침이다. 

이영애 사회적경제 과장은 “춘천사랑상품권은 자본의 역외 유출을 막고 지역상권을 지키기 위해 만들어진 상품권”이라며 “모바일로 새롭게 변신한 만큼 춘천시민들의 많은 관심과 사랑을 부탁드린다”고 말했다. 오세현",모바일 춘천사랑상품권을 사용하려는 업체는 온·오프라인으로 신청하면 된다.온라인의 경우 제로페이 홈페이지에 접속해 가맹점 등록 신청→QR코드 발송→가맹점주 앱 설치 절차를 거쳐야 하며 오프라인으로 신청하려면 소상공인지원센터에 비치된 가맹가입 신청서를 작성해 제출하면 된다.이후 온라인과 마찬가지로 QR코드가 발송되면 가맹점주 앱을 설치해야 한다.소비자들은 ..,2020-04-08T00:15:30.000+09:00,강원도민일보,"['경제>서비스_쇼핑', 'IT_과학>모바일']",https://www.bigkinds.or.kr/resources/images/01300101/2020/04/08/01300101.20200408001530002.01.jpg,http://www.kado.net/?mod=news&act=articleView&idxno=1017982,"['상품권', '춘천사랑상품권', '춘천', '소비자', '제로페', '소득공제', '가맹점', '춘천시', '수수료', '사용등록업소', '신청서', '코로나', '판매자', '억', '온라인', '가맹점주', '만', 'qr코드']",소비자 업주 윈윈 결제 모바일 특집 출시 춘천 사랑 상품권 모바일 10일 전자 상품권 발행 내달 전용 결제 출시 발행 규모 확대 6월 10% 상시 할인 소득공제 소비자 60% 소득 공제 지역화폐 사용 업소 수수료 무료 춘천 지역 화폐 춘천사랑상품권 모바일 춘천시 한국간편결제진흥원 위수탁 관리 계약 체결 10일 춘천 사랑 상품권 전자 상품권 발행 5월 전용 결제 출시 2017년 춘천사랑상품권 3년 지역 화폐 자리매김 춘천사랑상품권 2000원 5000원 1만 원권 3종 발행 지역내 축협 48곳 구입 2017년 누적 판매 금액 96억 환전 액수 70억 기록 환전률 73.6% 기록 3월 43억 판매 28억 환전 환전률 67% 춘천사랑상품권 모바일 이용 상품권 이용 활성화 전망 모바일 결제 출시 춘천 사랑 상품권 발행 규모 350억 책정 150억 증가 종이 상품권 230억 액수 전자 상품권 발행 120억 코로나19 상황 지역 경제 위기 극복 6월 상시 할인 10% 적용 기념 전자 상품권 출시 할인 구매 한도 50만 100만 종이상품권 50만 모바일 50만 모바일 상품권 지역 제로페 가맹점 사용 사용업소 수수료 소비자 연말 정산 소득 공제 30% 혜택 코로나19 대응 특별할인판매기간 6월 상품권 구입 현금영수증 발급 소득 공제 비율 60% 모바일 춘천 사랑 상품권 사용 업체 오프라인 신청 온라인 제로페 홈페이지 접속 신청 가맹점 등록 QR코드 발송 가맹점주 절차 설치 오프라인 신청 소상공인지원센터 비치 가맹 가입 신청서 작성 제출 온라인 QR코드 발송 가맹점주 설치 소비자들 상품권 전용앱 결제사 설치 모바일 상품권 선택 충전 결제 모바일 물건 구입 실행 소비자 판매자 QR 코드 촬영 결제 춘천시 4100곳 춘천 사랑 상품권 사용 등록 업소 대상 제로페 가맹점 전환 추진 춘천시 안내 전자 상품권 출시 정보제공 문자 전송 사용등록업소 문자 포함 링크 클릭 사용자 정보 제공 동의 제로페 가맹 자료 가맹 입력 결제진흥원 자료 확인 사용등록업소 QR코드 어플 등록 방법 발송 이달 12월 상가 방문 제로페 가맹 등록 안내 홍보 방침 이영애 사회 경제 과장 춘천사랑상품권 자본 역외 유출 지역상권 상품권 모바일 변신 만큼 춘천 시민 관심 사랑 부탁 오세현,"['상품권', '춘천', '사랑', '모바일', '앱', '원', '결제', '사용', '만원', '출시', '발행', '월', '페이', '등록', '후', '가맹점', '제로', '지역', '업소', '전자', '소비자', '춘천시', '환전', '코드', '년', '일', '전용', '할인', '소득', '공제']",2, 모바일 앱
7802,2100851.202007232,청년공간 ‘유유기지 부평’ 가상현실(VR) 모의면접 서비스,"인천시 부평구(구청장 차준택)의 청년공간 ‘유유기지 부평’이 지역 청년들에게 풍부한 채용 면접 기회를 제공하기 위해 ‘가상현실(VR) 모의면접 프로그램’을 운영한다. 
 
VR면접이란 ‘언택트(Untact)’ 시대를 맞아 청년들이 VR기기를 활용해 희망 기업과 직군에 맞춰 스스로 면접 연습을 진행할 수 있는 비대면 모의면접 교육 프로그램이다. 
 
이용자는 VR기기를 착용하고 10개 기업, 23개 직군 중 희망하는 직군 및 기업에 따라 가상 면접관으로부터 질문을 받고 대답하는 등 실제와 같은 상황에서 면접 훈련을 할 수 있다. 가상현실(VR) 모의면접 서비스[사진=인천시 부평구] 
 
 
면접 후에는 대답 속도, 시선 처리, 목소리 톤 등에 대한 분석 결과와 본인의 음성 녹음 파일을 통해 자가 피드백이 가능하다. 
 
VR 모의면접 프로그램은 대학 수시 면접이나 대학 일자리센터 등에서 활용하고 있으나, 인천지역 지방정부 차원에서 운영하는 것은 ‘유유기지 부평’이 처음이다. 
 
유유기지 부평 관계자는 “VR 면접 훈련을 통해 구직 청년들이 새로운 채용 트렌드에 빠르게 적응할 수 있도록 돕고자 한다”며 “1회용 페이스 폼을 사용하고, 매일 방역을 하는 등 코로나19 예방 수칙을 지키며 운영하는 만큼 관심 있는 청년들의 많은 이용을 바란다”고 말했다. 
 
VR 면접 체험은 취업을 준비하는 지역 청년 누구나 무료로 체험할 수 있으며, 홈페이지를 통해 예약 후 이용 가능하다. 
 
한편, 코로나19 확산 방지를 위해 잠정 휴관 중이었던 ‘유유기지 부평’은 오는 7월 28일부터 시설을 재개방해 운영할 계획이다. 
 
 
 
  
박흥서 기자 phs0506@ajunews.com","‘유유기지 부평’ 가상현실(VR) 모의면접 서비스 인천시 부평구(구청장 차준택)의 청년공간 ..‘가상현실(VR) 모의면접 프로그램’을 운영한다... 가상현실(VR) 모의면접 서비스[사진=인천시 부평구] ..VR 모의면접 프로그램은 대학 수시 면접이나 대학 일자리센터 등에서 활용하고 있으나, 인천지역 지방정부 차원에서 운영하는 것은 ....VR 면접 훈련..",2020-07-23T12:42:31.000+09:00,아주경제,"['경제>취업_창업', 'IT_과학>콘텐츠']",https://www.bigkinds.or.kr/resources/images/02100851/2020/07/23/02100851.20200723124331001.01.jpg,http://www.ajunews.com/view/20200723123831800,"['유유기지', 'vr', '부평', '코로나', '청년들', '직군', '가상현실', '인천시', '부평구', '회', '면접관', '일자리']",부평 청년 공간 유유기지 가상현실 VR 모의 면접 서비스 인천시 부평구 구청장 차준택 부평 청년 공간 유유기지 지역 청년 기회 채용 면접 제공 가상현실 VR 모의 면접 프로그램 운영 VR면접 언택트 Untact 시대 청년들 VR기기 활용 희망 기업 직군 면접 연습 진행 비대 프로그램 모의 면접 교육 이용자 VR기기 착용 기업 직군 희망 직군 기업 가상 면접관 질문 대답 실제 상황 면접 훈련 가상현실 VR 모의 면접 서비스 사진 인천시 부평구 면접 대답 속도 시선 처리 목소리 결과 본인 파일 음성 녹음 피드백 가능 프로그램 VR 모의 면접 면접 대학 수시 대학 일자리 센터 활용 차원 인천 지역 지방 정부 운영 유유기지 부평 관계자 유유기지 부평 훈련 VR 면접 구직 청년 채용 트렌드 적응 1회 페이스 사용 방역 수칙 코로나19 예방 운영 만큼 관심 청년들 이용 체험 VR 면접 취업 준비 지역 청년 무료 체험 홈페이지 예약 이용 가능 방지 코로나19 확산 잠정 휴관 유유기지 부평   시설 재개 방해 운영 계획,"['면접', 'VR', '유유', '기지', '부평', '청년', '모의', '운영', '수', '등', '기업', '이다', '지역', '인천시', '부평구', '청년', '체험', '이용', '가상현실', '프로그램', '기기', '활용', '희망', '개', '직구', '중', '대답', '훈련', '후', '가능']",2, VR 가상현실
2584,2100851.2020031614,"[NNA] 야마하, 방콕 교외에 로보틱스 거점 설치","[야마하 발동기가 나와나콘 공업단지에 개설한 로보틱스 사업의 쇼룸 =태국 빠툼타니주 (사진=야마하 발동기 제공)] 
 
 
야마하 발동기는 13일, 동남아시아 지역에서 로보틱스 사업 확대를 위해 태국 수도 방콕 교외 빠툼타니주 나와나콘 공업단지에 사무소와 쇼륨을 신설했다고 밝혔다. 동남아시아 총괄거점으로 역내에서 로보틱스 사업 확대를 도모해 나간다. 
 
야마하 발동기 홍보관계자에 의하면, 이 회사의 태국 법인인 태국 야마하 모터(TYM)의 로보틱스 사업부문이, 나와나콘 공업단지에서 반도체 제조장비의 개발·제조·판매를 하는 신카와(태국) 및 신카와 메뉴펙처링 아시아의 사업소 일대로 이전됐다. 양 사는 야마하 발동기의 자회사인 야마하 모터 로보틱스 홀딩스의 그룹회사다. 
 
이와 함께 표면실장기(Surface Mounter), 산업용 로봇, 반도체 제조장치를 전시하는 쇼룸을 개설했다. 신규·기존 사용자를 위해 세미나 및 실습시설도 확보했다. 
 
동남아시아에는 자동차, 자동차부품 제조사를 비롯해 소비재, 산업계, 반도체 각 제조사 등으로부터 안정적인 설비수요가 있다고 한다. 
 
야마하 발동기의 지난해 매출액은 1조 6648억엔. 이 중 로보틱스 사업 매출액은 756억엔이며, 전체 매출액 중 4.5% 
[번역] 이경 기자 dorami@ajunews.com","[야마하 발동기가 나와나콘 공업단지에 개설한 로보틱스 사업의 쇼룸 ....로보틱스 사업 확대를 위해 태국 수도 방콕 교외 빠.. 동남아시아 총괄거점으로 역내에서 로보틱스 사업 확대를 도모해 나간다... 양 사는 야마하 발동기의 자회사인 야마하 모터 로보틱스 홀딩스의 그룹회사다... 이 중 로보틱스 사업 매출액은 756억엔이며, 전체 매출액 중 4.5% ..",2020-03-16T17:26:15.000+09:00,아주경제,"['경제>반도체', '경제>자동차']",https://www.bigkinds.or.kr/resources/images/02100851/2020/03/16/02100851.20200316172709001.01.jpg,http://www.ajunews.com/view/20200316172452784,"['로보틱스', '야마하', '태국', '발동기', '동남아시아', '반도체', '제조사', '매출액', '아시아', '자동차', '빠툼타니주', '나와나콘', '공업단지', '방콕', '실장기', '실습시설', '설비수요', '사용자', '쇼륨', '펙처링', '표면실장기', '산업계', '사업소']",야마하 방콕 교외 설치 로보틱스 거점 야마하 발동기 공업단지 개설 로보틱스 사업 쇼룸 태국 빠툼타니주 사진 야마하 발동기 제공 야마하 발동기 13일 동남아시아 지역 확대 로보틱스 사업 공업단지 태국 수도 방콕 교외 빠툼타니주 나와나콘 공업 단지 사무소 쇼륨 신설 동남아시아 총괄 거점 역내 확대 로보틱스 사업 도모 홍보관계자 야마하 발동기 홍보 관계자 회사 태국 법인 모터 태국 야마하 TYM 로보틱스 사업 나와나콘 공업 단지 반도체 제조 장비 제조 판매 신카와 태국 신카 메뉴 펙처링 아시아 사업소 일대 야마하 발동기 자회사 야마하 모터 로보틱스 홀딩스 그룹회사 표면실장기 Surface Mounter 산업 로봇 반도체 제조 장치 전시 쇼룸 개설 신규 사용자 세미나 실습시설 확보 동남아시아 자동차 자동차 부품 제조사 소비재 산업계 반도체 제조사 안정적 설비수요 야마하 발동기 매출액   매출액 로보틱스 사업 756억 매출액 4.5% 번역 이경,"['야마하', '발동기', '로보틱스', '사업', '태국', '나', '제조', '와나', '콘', '공업', '단지', '동남아시아', '반도체', '매출액', '엔', '개설', '쇼', '룸', '빠툼타니', '주', '일', '확대', '야마하', '모터', '카', '중']",1, 로보틱스
9762,2100601.2020091414,영상채팅 '아자르' 유럽 8개국서 1위…수학풀이 '콴다'도 태국 앱시장 평정,"한국 스타트업이 세계적인 비대면 트렌드를 타고 해외 시장에서 성장을 이어나가고 있다. 
 
하이퍼커넥트는 영상채팅 앱 ‘아자르’(사진)가 독일, 영국, 프랑스, 스페인, 이탈리아, 네덜란드 등 유럽 8개국 구글 플레이스토어 비게임앱 커뮤니케이션 부문에서 매출 1위를 차지했다고 14일 발표했다. 모바일 앱 분석 사이트 앱애니가 산정한 순위 기준이다. 
 
아자르는 무작위로 연결된 낯선 사람과 영상으로 소통하는 앱이다. 하이퍼커넥트는 아자르의 해외 흥행 비결로 철저한 현지화 전략을 꼽았다. 하이퍼커넥트는 설립 초기부터 글로벌 시장을 공략할 목적으로 직원의 20%를 프랑스, 체코 등 20개국 출신의 외국인으로 채용했다. 독일, 터키 등 총 8개국에 현지 법인과 사무소를 운영하고 있다. 
 
웹RTC(실시간 통신), 인공지능(AI) 등 기술력도 성공 비결로 분석된다. 아자르는 웹RTC 기술을 세계 최초로 모바일에 적용한 하이퍼RTC 기술을 통해 네트워크 환경이 좋지 않은 국가에서도 안정적인 영상 채팅 환경을 제공한다. 자체 개발한 AI 기술을 통해선 모바일 기기가 지니는 작은 메모리, 느린 처리 속도 문제를 개선했다. 
 
영상 앱뿐만 아니라 에듀테크(교육+기술), 협업용 메신저 시장에서도 한국 스타트업들의 성장세가 가파르다. 매스프레소의 AI 수학풀이 검색 서비스 ‘콴다’는 최근 태국 플레이스토어 비게임앱 교육부문에서 1위를 차지했다. 태국어 버전을 출시한 지 1주일 만이다. 
 
콴다는 일본, 베트남, 인도네시아 등에서도 선전하고 있다. 2018년 11월 일본에 진출해 출시 4개월 만에 구글과 애플 앱장터 교육부문 1위를 달성했다. 인도네시아에서는 가입자 200만 명을 확보하고 구글 교육앱 부문에서 2위에 올랐다. 
 
토스랩의 협업용 메신저 ‘잔디’는 대만에서 1위 서비스로 자리잡았다. 일본, 말레이시아 등에서도 시장을 확대해나가고 있다. 
 
최한종 기자 onebell@hankyung.com","..모바일 앱 분석 사이트 앱애니가 산정한 ..웹RTC(실시간 통신), 인공지능(AI) 등 기술력도 성공 비결로 분석된다... 아자르는 웹RTC 기술을 세계 최초로 모바일에 적용한 하이퍼RTC 기술을 통해 네트워크 환경이 좋지 않은 국가에서도 안정적인 영상 채팅 환경을 제공한다...‘콴다’는 최근 태국 플레이스토어 비게임앱 교육부문에서 1위를 차지했다...",2020-09-15T00:54:15.000+09:00,한국경제,"['IT_과학>모바일', '국제>아시아', 'IT_과학>콘텐츠']",https://www.bigkinds.or.kr/resources/images/02100601/2020/09/14/02100601.20200914175825001.01.jpg,https://www.hankyung.com/it/article/2020091487321,"['아자르', '위', '일본', '태국', '하이퍼커넥트', '유럽', 'ai', '수학풀', '구글', '플레이스토어', '프랑스', '독일', '인도네시아', '한국', '개국', '가입자', '교육앱', '스타트업', '영상채팅', '앱장터', '하이퍼']",영상 채팅 아자르 유럽 1위 수학풀 평정 태국 한국 스타트업 세계적 트렌드 해외 시장 성장 하이퍼커넥트 영상채팅 아자르 영상 채팅 사진 독일 영국 프랑스 스페인 이탈리아 네덜란드 유럽 구글 플레이스토어 커뮤니케이션 매출 차지 14일 모바일 산정 순위 기준 아자르 무작위 연결 사람 영상 소통 하이퍼커넥트 아자르 비결 해외 흥행 철저 현지 전략 하이퍼커넥트 설립 초기 글로벌 시장 공략 목적 직원 20% 프랑스 체코 개국 출신 외국인 채용 독일 터키 8개국 현지 법인 사무소 운영 웹RTC 실시간 통신 인공지능 AI 성공 비결 아자르 웹RTC 세계 모바일 적용 하이퍼RTC 네트워크 환경 국가 안정적 환경 영상 채팅 제공 자체 AI 모바일 기기 메모리 처리 개선 영상 에듀테크 교육 시장 협업 메신저 한국 스타트업 성장세 매스프레소 AI 수학풀 검색 서비스 태국 플레이스토어 교육 1위 차지 태국어 버전 출시 일본 베트남 인도네시아 선전 일본 진출 출시 구글 애플 앱장터 교육 달성 인도네시아 가입자 확보 교육앱 2위 토스랩 잔디 협업 메신 대만 서비스 자리 일본 말레이시아 시장 확대,"['앱', '등', '위', '시장', '하이퍼', '아자르', '부문', '일본', '교육', 'RTC', '기술', '개국', '모바일', '커넥트', '있다', '인도네시아', '한국', '스타트', '업', '세계', '구글', '영상', '비결', '출시', '서비스', '메신저', '협업', '환경', '웹', '현지']",2, 앱 모바일
10747,1400601.2020100516,태안 화훼농가 '웹 직거래'로 코로나 속 新 판로 개척,"필랑말랑·꽃필라나 '인터넷 꽃집' 차려지난 2~9월 각각 1억원 어치 판매 실적 전국 화훼 농가가 코로나19에 따른 판매 부진으로 어려움을 겪는 상황에서 충남 태안의 일부 화훼 농가가 인터넷 직거래로 새로운 판로를 개척하고 나섰다. 

5일 태안군에 따르면 인터넷 꽃집을 운영하는 농가는 &#39;필랑말랑&#39;과 &#39;꽃필라나&#39; 등 2곳이다. 

이들 농가는 지난 2&sim;9월 각각 1억원 어치를 판매했다. 

윤미경 꽃필라나 대표(57)는 ""소비자들의 만족도가 높아 재구매 요청이 잇따르고 있다""며 ""코로나19로 인해 당분간 축제와 행사가 연기되거나 취소될 것으로 예상돼 인터넷 판매 비중을 점차 높여 갈 계획""이라고 강조했다. 

태안군농업기술센터 관계자는 ""화훼류 인터넷 판매에 더 많은 농가가 참여할 수 있도록 포장재를 개발해 보급하고 공동 인터넷 카페를 개설하는 등 다양한 지원 사업을 진행할 방침""이라고 말했다. 

태안에서는 올해 206개 농가가 165㏊에서 국화, 해바라기, 호접란, 수국, 캄파놀라 등을 재배했다. 

충남 전체의 33%를 점유한다. /태안=송윤종기자","'웹 직거래'로 코로나 속 新 판로 개척 필랑말랑·꽃필라나 ..""코로나19로 인해 당분간 축제와 행사가 연기되거나 취소될 것으로 예상돼 인터넷 판매 비중을 점차 높여 갈 계획""이라고 강조했다...""화훼류 인터넷 판매에 더 많은 농가가 참여할 수 있도록 포장재를 개발해 보급하고 공동 인터넷 카페를 개설하는 등 다양한 지원 사업을 진행할 방침""이라고 말했다..",2020-10-05T16:53:57.000+09:00,충청일보,"['지역>충남', '지역>경남', '지역>울산']",https://www.bigkinds.or.kr/resources/images/01400601/2020/10/05/01400601.20201005165357001.01.jpeg,http://www.ccdailynews.com/news/articleView.html?idxno=2008489,"['충남', '태안', '꽃필라', '코로나', '직거래', '억', '꽃집', '태안군', '코로나', '어치', '소비자', '호접란', '만족도', '캄파놀라', '소비자들', '태안군농업기술센터', '꽃필라나', '필랑말랑', '포장재', '관계자', '곳', 'sim', '화훼농', '윤미경', '인터넷', '농가', '판매', '화훼', '판로', '요청']",태안 화훼농 직거래 코로나 꽃필라 인터넷 꽃집 2~9월 1억 어치 판매 실적 전국 화훼 농가 코로나19 판매 부진 어려움 상황 충남 태안 화훼 농가 인터넷 직거래 판로 개척 태안군 인터넷 꽃집 운영 농가 필랑말랑& 꽃필라나& 2곳 농가 sim 9월 1억 어치 판매 윤미경 꽃필라 대표 소비자들 만족도 요청 코로나19 축제 행사 연기 취소 예상 비중 인터넷 판매 계획 강조 태안군농업기술센터 관계자 판매 화훼 인터넷 농가 참여 포장재 보급 카페 공동 인터넷 개설 지원 사업 진행 방침 태안 농가 국화 해바라기 호접란 수국 캄파놀라 재배 충남 33% 점유,"['농가', '인터넷', '판매', '화훼', '태안', '등', '말랑', '필', '태안군', '충남', '필라', '꽃집', '월', '원', '어치', '코로나', '꽃']",0,
7177,2100601.202007091,"""원격근무로 '가상현실 피로' 증후군…몰입 기술 개발해야""","인텔이 신종 코로나바이러스 감염증(코로나19) 극복을 위해 가상환경 개선, 원격 교육, 개인정보 보호, 병원체 감시 등 4대 분야에 기술 개발에 집중한다. 
 
9일 인텔에 따르면 인텔 산하 기술연구소 인텔 랩은 이들을 핵심 과제로 잡고 인텔의 기술을 접목하는 연구를 진행 중이다. 인텔 랩은 뉴로모픽, 양자컴퓨팅 등을 통해 데이터의 이동, 연산, 보안과 관련된 병목현상 및 장벽을 해결하는데 주력해온 조직이다. 리치 울리그 인텔 랩 매니징 디렉터는 ""코로나19 이후에도 가상 업무, 교육은 일상으로 자리잡을 것""이라며 ""기술 혁신과 투자가 무엇보다 중요한 시점""이라고 말했다. 
 
인텔은 인텔은 세계 1위 시스템 반도체 업체다. PC의 두뇌 역할을 하는 중앙처리장치(CPU), 데이터센터 프로세서 시장에서 90% 이상 점유율을 확보하고 있다. 코로나19로 비대면 트렌드가 강화되면서 대표적인 수혜주로 꼽히기도 한다. 지난 4월 ‘코로나19 대응을 위한 기술 이니셔티브’를 발표하며 5000만달러(약 604억7500만원)를 내놨다. 코로나19 치료를 위한 연구와 원격 교육 솔루션 개발을 지원하는 기금이다. 국내 인공지능 의료 진단기술 중소기업인 ‘제이엘케이’도 이 프로그램 지원 대상으로 선정돼 자금과 기술 지원을 받고 있다. 
 
'가상피로(Virtual Fatigue)' 증후군은 인텔이 첫번째 해결과제로 주목하는 현상이다. 자가격리, 원격근무 등으로 가상 접속시간이 길어지면서 발생한다. 울리그 디렉터는 ""몰입감을 높여주는 '텔레프레즌스(Telepresence) 기술이 해결책이 될 수 있다""고 말했다. 비디오 채팅, 온라인 콘텐츠 스트리밍의 기반이 되는 라이브 스트림 솔루션에 인텔의 멀티 카메라 스트림 기술을 통합하는 방식이다. 그는 ""인텔은 민족학적 연구를 통해 사람들이 시선, 몸짓, 자세·신체 위치, 발언, 행동 등 여러 신호를 이용해 공유된 영역과 초점을 설정하고 효과적인 상호작용을 위한 맥락을 구축한다는 사실을 알아냈다""며 ""카메라 어레이 기술, 컴퓨터 음향학, 멀티 모달 신호를 이용해 사람의 여러 신호의 의미를 파악해 모든 가상환경에서 발생할 수 있는 마찰과 인지부하를 줄이는 방법을 탐구하고 있다""고 설명했다. 
 
코로나19로 빠르게 확산되고 있는 원격 교육도 기술적 개선 과제가 많은 분야다. 교육현장에서는 학생들이 온라인 환경에서도 적극적이고 지속적으로 수업에 참여하고 이를 정확하게 평가하는 것이 가장 큰 과제로 꼽힌다. 인텔 랩은 '엠비언트 컴퓨팅'을 원격 교육에 접목하는 방안을 연구하고 있다. 스크린에 나타나는 상대와 이용자의 주변환경이 물리적인 상호작용을 통해 교류할 수 있도록 돕고 몰입경험을 높이는 것이 핵심이다. 울리그 디렉터는 ""이를 위해서는 학생들의 활동, 발표, 움직임을 이해하고 그에 따라 반응하는 기술이 필수""라며 ""학생과 교사들의 조작과 물리적인 상호작용이 효과적인 수학학습이 이 기술을 적용하기 위해 연구를 진행 중""이라고 말했다. 
 
개인정보 보호는 코로나19 국면에서 전세계적으로 중요한 이슈로 떠올랐다. 환자 및 인구 건강 데이터를 이용해 연구, 과학, 의료에 의미있는 결과를 도출하는데 인공지능(AI) 활용이 늘어나고 있다. 개인정보를 침해하지 않으면서도 쉽게 다양한 저장소에서 데이터를 공유하는 것이 핵심이다. 최근 인텔랩이 펜실베니아대학교 등과 진행한 뇌종양 조기발견을 위한 연합연구에서도 가장 주력한 부분이기도 하다. 울리그 디렉터는 ""위치 기반 및 근접 탐지 방법을 사용해 개인 정보를 보호하면서도 동선 파악을 위해 인텔소프트웨어 가드 확장(SGX) 기술이 활용될 수 있을 것으로 보고 연구를 진행하고 있다""고 말했다. 
 
병원체 감시 연구에는 인텔 옵테인 기술을 적용하고 있다. 사스, 코로나 등 새로운 병원체가 나타나면 기존의 미생물과 비교하기 위해 전체염기서열분석 등의 기법으로 병원체의 성질을 파악하고 돌연변이를 추적한다. 이 과정에서 병원테 데이터베이스가 빠르게 증가하고 각 샘플과 비교하는 과정이 수백만번 넘게 이루어진다. 울리그 디렉터는 ""CPU와 메모리가 합쳐져 처리 속도를 높이고 전력 효율성이 좋은 옵테인 기술을 사용하는 새로운 접근방식을 연구하고 있다""며 ""수백만 개의 게놈을 더 빠르고 정확하게 비교분석하는데 기여할 수 있을 것으로 기대하고 있다""고 말했다. 
 
조수영 기자 delinews@hankyung.com"," PC의 두뇌 역할을 하는 중앙처리장치(CPU), 데이터센터 프로세서 시장에서 90% 이상 점유율을 확보하고 있다... 환자 및 인구 건강 데이터를 이용해 연구, 과학, 의료에 의미있는 결과를 도출하는데 인공지능(AI) 활용이 늘어나고 있다... 이 과정에서 병원테 데이터베이스가 빠르게 증가하고 각 샘플과 비교하는 과정이 수백만번 넘게 이루어진다...",2020-07-09T11:01:00.000+09:00,한국경제,"['경제>반도체', 'IT_과학>콘텐츠', 'IT_과학>보안']",https://www.bigkinds.or.kr/resources/images/02100601/2020/07/09/02100601.20200709085954001.01.jpg,https://www.hankyung.com/it/article/202007099210i,"['인텔', '코로나', '개인정보', '병원체', '옵테인', '온라인', '인텔소프트웨어', '증후군', '가상환경', '상호작용', '뇌종양', '물리적', '코로나바이러스', '학생들']",원격근무 가상현실 피로 증후군 몰입 인텔 감염증 신종 코로나바이러스 코로나19 극복 가상 환경 개선 원격 교육 개인 정보 보호 병원체 감시 분야 집중 인텔 인텔 산하 연구소 인텔 핵심 인텔 접목 진행 인텔 뉴로모픽 양자컴퓨팅 데이터 이동 연산 보안 병목현상 장벽 해결 주력 조직 리치 인텔 인텔 매니징 디렉터 코로나19 가상 업무 교육 일상 자리 혁신 투자 중요 시점 인텔 인텔 업체 세계 반도체 PC 두뇌 역할 중앙처리장치 CPU 시장 데이터 센터 프로세서 90% 점유율 90% 점유 확보 코로나19 트렌드 강화 대표적 수혜주 대응 코로나19 이니셔티브 5000만 달러 604억 코로나19 치료 솔루션 원격 교육 솔루션 지원 기금 중소기업 인공 지능 의료 진단 제이엘케이 대상 프로그램 지원 선정 자금 지원 가상피로 Virtual Fatigue 증후군 인텔 번째 주목 현상 자가격리 원격근무 가상 접속 시간 발생 디렉터 몰입감 텔레프레즌스 Telepresence 해결책 비디오 채팅 스트리밍 온라인 콘텐츠 솔루션 라이브 스트림 인텔 스트림 멀티 카메라 스트림 통합 방식 인텔 민족학적 사람들 시선 몸짓 자세 신체 위치 발언 행동 신호 이용 공유 영역 초점 설정 효과적 상호작용 맥락 구축 사실 카메 어레이 컴퓨터 음향학 신호 멀티 모달 이용 사람 신호 의미 파악 가상환경 발생 마찰 인지부하 방법 탐구 설명 코로나19 확산 원격 교육 개선 분야 교육현장 학생들 온라인 환경 지속적 수업 참여 정확 평가 인텔 엠비언트 컴퓨팅 원격 교육 접목 방안 스크린 상대 이용자 주변환경 물리적 상호작용 교류 몰입경험 핵심 디렉터 학생들 활동 움직 이해 반응 필수 학생 교사들 조작 물리적 상호작용 효과적 수학학습 적용 진행 개인 정보 보호 코로나19 국면 세계적 중요 이슈 환자 데이터 인구 건강 이용 과학 의료 의미 결과 도출 인공지능 AI 활용 개인정보 침해 저장소 데이터 공유 핵심 인텔랩 펜실베니아대학교 진행 뇌종양 조기 발견 연합연구 주력 디렉터 위치 방법 근접 탐지 사용 개인 정보 보호 동선 파악 인텔소프트웨어 확장 인텔소프트웨어 SGX 활용 진행 병원체 감시 인텔 옵테인 적용 사스 코로나 병원체 미생물 비교 전체염기서열분석 기법 병원체 성질 파악 돌연변이 추적 병원테 데이터베이스 증가 샘플 비교 디렉터 CPU 메모리 처리 속도 전력 효율 옵테인 사용 접근방식 게놈 정확 비교분석 기여,"['인텔', '기술', '연구', '코로나', '등', '것', '리그', '수', '디렉터', '말', '랩', '가상', '원격', '교육', '진행', '데이터', '이용', '비교', '테', '학생', '환경', '파악', '상호작용', '개인정보', '지원', '과제', '핵심', '병원체', '보호', '사용', '개선']",0,
3640,1500601.2020041617,"""선생님, 저 여기요"" 화상 앱 보며 수업… 대구 동도초 가보니","전국 초·중·고교 2차 온라인 개학이 실시된 16일 오전 대구 동도초 6학년 1반 교실. 손지영 담임교사가 네이버 밴드를 열어 반 학생들의 출석 여부를 일일이 확인했다. 오전 9시 50분 조례 시간이 되자 손 교사의 모니터에 학생 30여 명의 얼굴이 바둑판식으로 등장했다. 화상회의 애플리케이션 줌(zoom)에서 학생들과 교사가 한자리에 모인 것이다. 밴드에서 미처 출석 체크를 못 한 학생이 손을 들어 난처한 기색을 드러내자 손 교사는 ""이렇게 서로 얼굴을 보는 것도 출석체크에 해당되니 걱정 안 해도 된다""고 안심시켰다. 
 
 이날 전국 초등학교 4~6학년을 포함해 고교 1, 2학년 및 중학교 1, 2학년 등 총 312만여 명이 생애 첫 온라인 개학을 했다. 
 
 각 초등학교에서는 미리 정한 시간표에 따라 수업을 진행했다. 다만 초교생인 만큼 집중도가 떨어지기 쉽다는 점을 감안해 대부분 수업을 쌍방향 원격 방식이 아닌 '콘텐츠 활용 수업' 및 '과제물 활용 수업'으로 실시하기로 했다. EBS 강의나 학습 동영상을 보고 관련 과제까지 수행하는 데 소요되는 총 시간이 40분에 맞춰지도록 교사들이 수업 방식을 재구성한 것이다. 
 
 학습 중 질문이 있는 학생에게는 교사가 전화를 걸거나 칠판에 판서한 내용을 줌(zoom)으로 보여주며 보충 설명을 하기도 했다. 긴급 돌봄이 필요한 학생들은 해당 교실로 등교해 담임교사가 직접 이들의 공부를 도왔다. 
 
 음악, 미술, 체육 등 예체능 교과는 당분간 이론 수업 위주로 진행하기로 했다. 대구의 한 중학교 관계자는 ""온라인 개학이 결정되면서 실기 중심 과목은 교육과정을 전면 재구성했다""며 ""음악의 경우 합주나 합창, 체육에서는 구기 운동 등의 학습은 2학기로 미룬 상태""라고 했다. 
 
 한편 일부 교사는 온라인 개학을 처음 겪는 학생, 학부모들의 문의에 응답하느라 온종일 진땀을 빼기도 했다. 대구의 한 5학년 담임교사는 ""출석 체크, 과제 업로드 방법에 관한 문의를 오전에만 수 십 번 받았다. 개학에 앞서 수차례 공지했지만 어린 학생이다 보니 제대로 숙지하지 못한 것 같다""며 ""쌍방향 수업을 안 한다고 일부 학부모에게 '수업이 부실하다'는 항의도 받았다""고 하소연했다."," 손지영 담임교사가 네이버 밴드를 열어 반 학생들의 출석 여부를 일일이 확인했다... 화상회의 애플리케이션 줌(zoom)에서 학생들과 교사가 한자리에 모인 것이다.....학습 동영상을 보고 관련 과제까지 수행하는 데 소요되는 총 시간이 40분에 맞춰지도록 교..""음악의 경우 합주나 합창, 체육에서는 구기 운동 등의 학습은 2학기로 미룬 상태""라고 했다...",2020-04-16T16:22:51.000+09:00,매일신문,"['사회>교육_시험', '지역>전북', '지역>강원']",https://www.bigkinds.or.kr/resources/images/01500601/2020/04/16/01500601.20200416163358001.01.jpg,https://news.imaeil.com/Society/2020041615402400811,"['대구', '담임교사', '온라인', '쌍방향', 'zoom', '중학교', '업로드', '학생들', '학년', '학부모', '재구성', '만큼']","선생님 화상 수업 대구 동도초 온라인 개학 쌍방향 원격식 교과목 집중 예체능 전면 이론 수업 전국 고교 개학 온라인 16일 교실 대구 동도초 손지영 담임교사 네이버 밴드 학생 출석 여부 확인 조례 교사 모니터 학생 얼굴 바둑판식 등장 화상 회의 애플리케이션 zoom 학생들 교사 한자리 밴드 출석 체크 학생 기색 교사 얼굴 출석체크 걱정 안심 이날 전국 초등학교 학년 포함 고교 2학년 고교 1, 중학교 2학년 중학교 1, 312만 생애 온라인 개학 초등학교 시간표 수업 진행 초교생 만큼 집중도 감안 수업 방식 쌍방향 원격 수업 콘텐츠 활용 수업 과제물 활용 EBS 강의 학습 동영 수행 소요 40분 교사들 수업 방식 재구성 학습 질문 학생 교사 전화 칠판 판서 zoom 보충 설명 긴급 학생들 교실 등교 담임교사 공부 음악 미술 체육 예체능 교과 위주 이론 수업 진행 대구 중학교 관계자 온라인 개학 결정 과목 실기 중심 교육과정 전면 음악 합주 합창 체육 운동 학습 2학기 상태 교사 온라인 개학 학생 학부모들 문의 응답 온종일 진땀 대구 담임교사 출석 체크 방법 업로드 문의 개학 수차례 공지 학생 숙지 수업 학부모 수업 부실 항의 하소연","['학생', '수업', '교사', '개학', '학년', '온라인', '출석', '것', '체크', '학습', '등', '대구', '손', '담임교사', '반', '전국', '실시', '오전', '문의', '학부모', '밴드', '일부', '음악', '재구성', '과제', '활용', '방식', '쌍방향', '진행', '중학교']",0,
1822,1100901.2020021998,"[Biz& Learning] 차세대 지역난방 공급 시스템, 해외시장 개척 … 신사업에 역량 집중","한국지역난방공사(이하 한난)는 지난해 창립 34주년을 맞아 ‘제8차 중장기 경영전략’을 수립해 ‘LINK ALL 한난! 깨끗한 에너지로 국민을 행복하게’라는 새로운 슬로건을 발표했다. 이와 함께 2028년까지 ▶공급 세대수 210만 가구 ▶신사업 매출 5000억원 ▶사회적 가치 창출지수 100점 ▶종합청렴도 1등급 달성을 중장기 경영목표로 설정했다. 특히 미래 성장 동력을 확보하고 친환경 에너지 시대를 선도하기 위해 차세대 지역난방 공급 시스템 및 해외시장 개척 등 신사업 추진에 역량을 집중하고 있다. 
 
 한난은 재생·미활용 에너지의 저온 열과 연계하는 4세대 지역난방 보급을 통해 도심 속 재생에너지를 100% 활용하는 신사업 모델을 추진하고 있다. 정부의 스마트시티 확산 및 제로에너지건축 단계적 의무화 추진 정책에 발맞춰‘저온 네트워크 연계 최적화 모델’ 및 미활용 열과 지역난방을 연계한 ‘IoT 융복합 도심형 열네트워크 모델’ 등을 2022년 완료를 목표로 개발 중이다. 이를 통해 태양열·하천수·연료전지 등 섭씨 60도 내외의 저온 열과 연계하는 4세대 지역난방 사업모델을 구축할 계획이다. 
 
 또한 한난은 지난해 10월 수소경제 활성화 및 친환경에너지 확산을 선도하기 위해 한국토지주택공사와 ‘공동주택 분산형 연료전지 설치·운영사업 모델 개발 협약’을 체결하고 세종시 5-1 생활권 스마트시티를 실증해 열거래 플랫폼 모델을 개발함으로써 분산 열에너지 활용 기반을 확대할 계획이다. 
 
 한난은 세계 초일류 집단에너지 전문기업으로서 기술력과 노하우를 토대로 정부가 추진 중인 수소신도시 건설의 에너지공급 통합 플랫폼 구축사업을 차질 없이 준비 중이다. 통합 플랫폼은 열과 전기를 생산하는 한난 소유의 열병합발전소 부지에 수소 생산시설을 설치하고 각각의 배관으로 열과 수소를 이송한다. 이송된 수소는 공동주택 및 건물 내에 설치된 연료전지에 공급해 열과 전기를 생산하고 자체 소비 후 남는 열과 전기는 외부망에 공급하는 구조다. 또한 수소를 수소충전소에도 공급해 수소차 등 친환경 교통수단의 연료원으로 활용할 수 있다. 
 
 한편 한난은 미래 성장동력 확보를 위해 영국·베트남·칠레·몽골 등지에서 해외사업 기반 구축을 추진한다. 지난해엔 ‘몽골 바룬우르트시 난방 및 온수공급시스템 구축사업 사후지원’ 사업을 성공적으로 완료한 바 있다. 
 
 
 중앙일보디자인=김재학 기자 kim.jaihak@joongang.co.kr","[Biz& Learning] 차세대 지역난방 공급 시스템, 해외시장 개척 ....시스템 및 해외시....네트워크 연계 최적화 모델’ 및 미활용 열과 지역난방을 연계한 ..‘IoT 융복합 도심형 열네트워크 모델’ 등을 2022년 완료를 목표로 개발 중이다...‘몽골 바룬우르트시 난방 및 온수공급시스템 구축사업 사후지원’ 사업을 성공적으로 완료한 바 있다...",2020-02-20T07:17:32.000+09:00,중앙일보,"['경제>자원', '경제>산업_기업', '지역>경기']",https://www.bigkinds.or.kr/resources/images/01100901/2020/02/20/01100901.20200220000420001.01.jpg,https://news.joins.com/article/olink/23305097,"['한난', '지역난방', '신사업', '네트워크', '중장기', '스마트시티', '몽골', '공동주택', '연료전지', '차세대', '미활용', '융복합', '경영전략', '바룬우르트시', '활성화', '교통수단', '사후지원']",공급 차세대 지역난방 공급 해외 시장 개척 신사업 역량 집중 한국지역난방공사 한국지역난방공사 한난 창립 주년 경영전략 경영 전략 수립 LINK 한난 LINK 에너지 국민 행복 슬로건 2028년 5000억 공급 세대수 가구 매출 종합청렴 사회 가치 창출 지수 종합 청렴 달성 중장기 경영 설정 동력 미래 성장 확보 시대 에너지 선도 공급 차세대 지역난방 공급 해외 시장 개척 추진 역량 집중 한난 재생 미활용 에너지 저온 연계 보급 지역난방 도심 재생에너지 도심 재생 에너지 100% 활용 모델 추진 정부 스마트시티 확산 정책 제로 에너지 건축 단계 의무 추진 모델 저온 네트워크 연계 최적 미활용 지역난방 연계 모델 IoT 융복합 도심 네트워크 2022년 태양열 하천수 연료전지 섭씨 저온 연계 사업모델 지역난방 사업 모델 구축 계획 한난 활성화 수소 경제 활성 환경 에너지 확산 선도 한국토지주택공사 공동 주택 분산 연료 전지 설치 운영사업 모델 협약 모델 체결 세종시 생활 스마트시티 실증 모델 열거래 플랫폼 활용 분산 확대 계획 한난 세계 집단 에너지 전문 기업 노하우 토대 정부 추진 수소 도시 건설 에너지 공급 통합 플랫폼 구축 사업 차질 준비 통합 플랫폼 전기 생산 한난 소유 병합 발전소 부지 생산시설 설치 배관 수소 이송 이송 수소 공동주택 건물 설치 연료전지 공급 전기 생산 자체 소비 전기 외부망 공급 구조 수소 수소충전소 공급 교통수단 연료원 활용 한난 확보 미래 성장 동력 영국 베트남 칠레 몽골 등지 해외사업 구축 추진 난방 몽골 바룬우르트시 사후지원 온수 공급 구축 사업 사후 지원 사업 성공적,"['한난', '에너지', '열', '수소', '사업', '공급', '추진', '등', '연계', '지역난방', '연료전지', '생산', '전기', '플랫폼', '설치', '구축', '사업', '활용', '중', '개발', '모델', '모델', '친환경', '지난해', '이송', '중장기', '경영', '몽골', '원', '목표']",0,
3319,1100901.2020040608,"코로나19 시대, 여행도 VR(가상현실)로 떠난다","코로나19 사태 장기화로 여행‧레저 관련 VR(가상현실) 콘텐트가 뜻밖의 관심을 받고 있다. 사회적 거리 두기, ‘언택트(비대면)’ 문화가 확산하며 생긴 변화다. 방구석에서 외로움을 달래던 사람들이 VR 콘텐트로 몰리는 분위기다. 
 
 현재 국내 VR 콘텐트 시장은 이통3사가 주도하고 있다. KT의 VR 서비스 ‘슈퍼 VR’에 따르면 해외여행 관련 콘텐트가 대거 ‘3월 인기 콘텐츠’ 차트 상위를 차지했다. 뉴욕의 관광 명소를 담은 ‘뉴욕 뉴욕 뉴욕’(3위)을 비롯해, ‘베네수엘라의 앙헬폭포’(4위) ‘노르웨이의 오로라’(7위) ‘멕시코의 백상아리’(10위) 등이다. 
 슈퍼 VR의 3000여 개 콘텐트 가운데 여행 콘텐트는 대략 200편에 이른다. 국내 주요 여행지는 물론이고, 지역 축제의 하이라이트도 VR 콘텐트로 올라와 있다. 
 
 SK텔레콤의 모바일 앱 ‘점프 VR’에서도 여행 콘텐트의 이용량이 급증했다. 1월 이용량 대비 2, 3월 이용량이 각각 8%, 41.7% 증가했다. 소재는 꽤 다양하다. 세계 명소 시티투어, 전시회 관람, 먹방 등 익숙한 여행 영상은 물론이고 서핑‧열기구‧카약 등 액티비티 체험 영상도 있다. 대개 3~10분짜리 영상에 불과하지만, 전후좌우로 영상을 즐길 수 있어 몰입도가 높다. 
 유튜브의 VR 영상도 꾸준한 인기를 얻고 있다. 유튜브는 360도 시야각으로 즐길 수 있는 VR 서비스를 2016년 시작했다. VR 기기가 없이 일반 스마트폰으로도 이용할 수 있다. 유튜브가 직접 운영하는 ‘가상현실’ 채널은 구독자가 330만명에 이른다. 내셔설지오그래픽에서 제작한 아프리카 사자 가족 영상은 조회 수가 1600만 회에 달한다. 최근 댓글 가운데 “코로나 바이러스 때문에 집에 갇혀서 보는 사람?” “테마파크를 못 가게 돼 간접 체험 중”이란 반응도 보인다. 
 
 박정호 KT IM사업 담당 상무는 “VR과 같은 실감형 미디어가 여행을 자제해온 이들을 달래줄 수 있는 좋은 대안이 되고 있다”며 “신규 여행 콘텐트에 대한 이용자의 관심도 증가하고 있다”고 설명했다. 
 백종현 기자 baek.jonghyun@joongang.co.kr","코로나19 시대, 여행도 VR(가상현실)로 떠난다 코로나19 사태 장기화로 여행‧레저 관련 VR(가상현실) 콘텐트가 뜻밖의 관심을 받고 있다.....VR 콘텐트 시장은 이통3사가 주도하고 있다.. 유튜브의 VR 영상도 꾸준한 인기를 얻고 있다... VR 기기가 없이 일반 스마트폰으로도 이용할 수 있다...‘가상현실’ 채널은 구독자가 330만명에 이른다...",2020-04-06T07:01:54.000+09:00,중앙일보,"['문화>요리_여행', 'IT_과학>콘텐츠', 'IT_과학>모바일']",https://www.bigkinds.or.kr/resources/images/01100901/2020/04/06/01100901.20200406070154001.01.jpg,https://news.joins.com/article/olink/23342335,"['뉴욕', 'vr', '이용량', '유튜브', '가상현실', '코로나', '해외여행', '박정호', '아프리카', '액티비티', '노르웨이', '위', '위', '비대면', '앙헬폭포', '방구석']","코로나19 시대 여행 VR 가상현실 장기화 코로나19 사태 장기 여행 레저 VR 가상현실 콘텐트 뜻밖 관심 사회 거리 언택트 비대면 문화 확산 변화 방구석 외로움 사람들 VR 콘텐트 분위기 VR 콘텐트 시장 이통3사 주도 KT VR 서비스 슈퍼 VR 해외여행 콘텐트 해외여행 콘텐츠 인기 차트 상위 차지 뉴욕 관광 명소 뉴욕 뉴욕 뉴욕 3위 베네수엘라 앙헬폭포 4위 노르웨이 오로라 7위 멕시코 백상아리 10위 슈퍼 VR 3000여 200편 여행지 물론 지역 축제 하이라이트 VR 콘텐트 SK텔레콤 모바일 모바일 점프 VR 여행 콘텐트 이용량 급증 대비 이용량 대비 2, 이용량 증가 8%, 41.7% 소재 시티투어 세계 명소 시티 투어 전시회 관람 먹방 여행 영상 물론 서핑 열기구 카약 영상 액티비티 체험 3~10분 영상 전후좌우 영상 몰입도 유튜브 VR 영상 인기 유튜브   VR 서비스 시작 VR 기기 일반 스마트폰 이용 유튜브 운영 가상현실 채널 구독자 330만 내셔설지오그래픽 제작 아프리카 사자 가족 영상 조회 1600만 댓글 사람 테마파크 체험 반응 IM사업 상무 박정호 KT IM 사업 VR 실감 미디어 여행 자제 대안 콘텐트 신규 여행 이용자 관심 증가 설명","['VR', '콘텐트', '영상', '여행', '수', '월', '위', '등', '용량', '체험', '유튜브', '인기', '명소', '가운데', '물론', '증가', '관심', '사람', '관련', '코로나', '국내', '서비스', '슈퍼', '가상현실']",1, VR
8199,1101001.2020080308,"알고리즘·인공지능, 공정하지 않았다간 큰 코 다친다","독일 정보기술(IT) 전문지 ‘알고리즘워치’는 “구글 인공지능(AI) 서비스로 이미지 식별 실험을 한 결과, 밝은 피부를 가진 사람이 체온계를 들고 있는 사진은 체온계를 들고 있는 모습으로, 어두운 피부를 가진 사람이 체온계를 들고 있는 사진은 총을 갖고 있는 모습으로 분류하는 비율이 높았다”고 밝혔다. 결국 구글은 인공지능 서비스의 인종차별적 판단 지적에 대해 사과했다.

구글 인공지능 서비스는 왜 그랬을까. “충분한 학습 과정을 거치지 않았기 때문일 수 있다”는 진단이 많다. 기모노나 한복과 달리 인도 전통의상은 옷으로 분류하지 않는 것도 예로 든다. “편향된 데이터로 잘못된 학습을 했을 가능성”도 제기된다. 인간의 편향이 만연한 사회의 데이터로 인공지능 서비스를 학습시키면(머신러닝), 차별적 판단을 지속해서 할 수 있다는 것이다.

‘대량살상 수학무기’의 저자 캐시 오닐은 “알고리즘이 공정할 것이라는 생각을 버려야 한다. 우리 사회에 이미 차별이 내재돼 있기 때문에 알고리즘 처리 결과에도 이미 차별이 있을 수밖에 없다”고 지적한 바 있다. 한국에서도 포털 네이버와 다음 포털의 인공지능 기반 기사 선별·배치 알고리즘을 놓고 편향성 의혹이 제기되고 있다.

인공지능 알고리즘의 윤리와 투명성 논란이 커지자, 방송통신위원회가 ‘이용자 중심의 지능정보사회를 위한 원칙’이란 걸 내놨지만, 추상적이란 평가가 많다. “기업들이 기술의 따뜻한 활용 궤도를 벗어나지 않도록 돕는 울타리 구실 정도는 해야 하는데, 방통위 원칙으로는 기대하기 어렵다”는 지적이 많다. “인공지능 서비스는 이제 싹을 틔우는 단계인데 규제부터 만드냐는 비판을 받을까 눈치를 보고 있는 것”이란 지적도 나온다.



미국 연방거래위원회(FTC)가 ‘인공지능 및 알고리즘 사용에 대한 지침’(이하 지침)을 내놓은 게 주목받는 이유다. 지침은 “기업은 인공지능 및 알고리즘을 사용할 때 투명성, 설명 가능성, 공정성, 견고성과 실증적 타당성, 책임성을 갖춰야 한다”고 권고한다. 자세한 설명과 함께 “따르지 않으면 관련 법을 어겼다는 판단을 받을 수 있다”는 경고도 하고 있다. 인공지능 및 알고리즘 사용에 대한 지침을 내놓기는 연방거래위가 처음이다. 유럽연합도 이제 초안을 만지작거리고 있다.

한국정보통신정책연구원(KISDI) 양기문 아이시티(ICT)전략연구실 연구원의 도움을 받아 지침을 소개한다. 양 연구원은 지침에 대해 “인공지능 및 알고리즘을 사용하는 과정에서 소비자에게 발생할 수 있는 위험을 기업이 어떻게 관리할 지에 대한 방향을 구체적으로 제시하고 있다”고 평가했다.

지침은 먼저 ‘기업은 인공지능 기반의 자동화된 도구를 사용할 때 소비자를 기만하면 안된다’고 못박았다. ‘특히 챗봇처럼 소비자와 직접 상호작용을 하는 인공지능 도구를 사용할 때 소비자를 오도하지 않아야 한다’며 ‘가짜 프로필, 허위 가입자, 가짜 좋아요 등과 같이 인공지능·알고리즘을 활용해 소비자를 기만하는 행위는 사기로 간주할 수 있다’고 경고했다.

지침은 이어 투명성을 강조했다. ‘머신러닝 데이터 확보를 위해 이용자의 음성과 상징 이미지 등 민감한 정보를 몰래 수집하거나, 기본 설정을 얼굴인식 활성화 상태에 맞춰 이용자의 얼굴 정보를 동의없이 수집하는 행위 등을 하면 안된다’고 못박았다. 앞서 연방거래위는 2018년 4월 페이스북의 얼굴인식 관련 정책에 이런 잣대를 적용해 ‘이용자 기만 행위’로 판단한 바 있다.

더불어 기업은 인공지능·알고리즘 판단을 기반으로 소비자에게 불리한 결정을 할 때는 그 이유를 명확하고 구체적으로 설명해야 한다. 예를 들어, 알고리즘 기반 신용평가에서 신용이 낮게 나온 이유를 설명할 때는 ‘체납이 있다’거나 ‘신용 참조 건수가 충분하지 않다’처럼 구체적이어야 한다. 단순하게 ‘신용점수가 낮다’거나 ‘기준에 부합하지 않는다’ 정도만 설명해서는 안된다. 인공지능이 거래 조건을 변경할 때도 마찬가지다.



무엇보다 특정 집단이나 계층에 대한 차별이 발생하지 않도록 주의해야 한다. 특히 인종·종교·국적·성별 등을 이유로 차별이 발생하지 않도록 해야 한다. 예를 들어, 기업이 미국에서 소비자의 신용을 평가할 때 우편번호를 반영하면 안된다. 특정 인종이 많이 사는 지역에 불리한 영향을 줄 수 있어서다. 양 연구원은 “데이터 자체는 물론이고, 처리 결과 값이 특정 계층에 차별적 영향을 주지 않는지까지 엄격히 살펴야 한다는 뜻”이라고 설명했다.

의사 결정 때 활용되는 정보에 대한 정보 주체의 접근 권한과 수정 기회를 보장할 것도 의무화했다. 소비자는 취업·신용·보험 등 자신과 관련한 의사결정에 활용되는 정보가 무엇인지 알 권리가 있고, 자신에 대한 정보가 부정확하다고 의심되면 수정을 요구할 수 있어야 한다는 것이다. 기업이 인공지능·알고리즘에 맡겨 소비자 정보를 신용평가사 등 제3자에게 제공할 때도, 정보 주체에게 오류 수정 기회를 주는 등 정보의 정확성이 보장되게 하는 장치를 둬야 한다. 지침은 인공지능·알고리즘의 기반이 되는 빅데이터 분석 결과가 소비자에게 편견이나 피해를 일으키지 못하도록 할 것도 주문했다.

연방거래위는 “지침을 따르지 않는 기업은 관련 법에 따라 시정명령 조치나 벌금 처분 등을 받을 수 있다”고 경고했다. 양기문 연구원은 “인공지능 및 알고리즘이 사회에 만연한 차별을 반영하고 가시화할 수 있다는 게 다양한 사례를 통해 드러나고 있다. 기업은 예상치 못한 기술적·사회적 위험 최소화를 위해 선제적으로 대응할 필요가 있다는 관점에서 볼 때 연방거래위의 문제해결 접근법이 시의적절해 보인다”고 평가했다. 그는 “지침은 미국에 진출했거나 미국 시민을 소비자로 둔 국내 기업에도 적용된다”며 “소비자들도 알아두면, 인공지능 서비스 시대를 살아가는 데 도움이 될 것”이라고 덧붙였다.

김재섭 선임기자 겸 사람과디지털연구소장 jskim@hani.co.kr","알고리즘·인공지능, 공정하지 않았다간 큰 코 다친다 독일 정보기술(IT) 전문지 ....인간의 편향이 만연한 사회의 데이터로 인공지능 서비스를 학습시키면(머신러닝), 차별적 ..‘인공지능 및 알고리즘 사용에 대한 지침’(이하 지침)을 내놓은 게 주목받는 이유다...‘기업은 인공지능 기반의 자동화된 도구를 사용할 때 소비자를 기만하면 안된다’고 못박았다...",2020-08-03T10:18:27.000+09:00,한겨레,"['IT_과학>IT_과학일반', '경제>경제일반']",https://www.bigkinds.or.kr/resources/images/01101001/2020/08/03/01101001.20200803093812003.01.jpg,http://www.hani.co.kr/arti/science/technology/956206.html,"['소비자', '인공지능', '이용자', '미국', '연구원', '얼굴인식', '양기문', '거래위', '머신러닝', '김재섭', '연방거래위', '투명성', '구글', '빅데이터', '접근법', '체온계']",알고리즘 인공지능 공정 독일 정보 전문지 알고리즘 워치 구글 인공 지능 AI 서비스 실험 이미지 식별 결과 피부 사람 체온계 사진 체온계 모습 피부 사람 체온계 사진 모습 분류 비율 결국 구글 인공 지능 서비스 지적 인종 차별 판단 사과 인공 지능 서비스 학습 진단 기모노 한복 인도 전통 의상 분류 편향 데이터 학습 가능성 제기 인간 편향 만연 사회 데이터 인공 지능 서비스 학습 머신러닝 차별 판단 지속 대량 살상 수학 무기 오닐 저자 캐시 알고리즘 공정 생각 사회 차별 내재 결과 알고리즘 처리 차별 지적 한국 포털 네이버 포털 인공지능 기사 선별 배치 알고리즘 편향 의혹 제기 인공 지능 알고리즘 윤리 투명 논란 방송통신위원회 이용자 중심 지능정보사회 원칙 추상적 평가 기업들 활용 궤도 정도 울타리 구실 방통위 원칙 지적 인공 지능 서비스 단계 규제 비판 눈치 지적 미국 연방 거래 위원회 FTC 인공지능 알고리즘 사용 지침 지침 주목 지침 기업 인공지능 알고리즘 사용 투명 설명 가능 공정성 실증적 책임성 권고 설명 판단 경고 인공지능 알고리즘 사용 지침 연방거래위 유럽연합 초안 한국정보통신정책연구원 KISDI 양기문 아이 시티 ICT 전략연구실 연구원 도움 지침 소개 연구원 지침 인공지능 알고리즘 사용 소비자 발생 위험 기업 관리 방향 구체적 제시 평가 지침 기업 인공지능 자동화 도구 사용 소비자 기만 챗봇 소비자 상호작용 인공 지능 도구 사용 소비자 오도 가짜 프로필 허위 가입자 가짜 인공지능 알고리즘 활용 소비자 기만 행위 사기 간주 경고 지침 투명성 강조 확보 머신러닝 데이터 이용자 음성 상징 이미지 정보 수집 기본 설정 상태 얼굴 인식 활성 이용자 얼굴 정보 동의 수집 행위 연방거래위 페이스북 얼굴인식 정책 얼굴 인식 잣대 적용 행위 이용자 기만 판단 기업 인공지능 알고리즘 판단 소비자 불리 결정 구체적 설명 알고리즘 신용평가 신용 설명 체납 건수 신용 참조 구체적 단순 신용점수 기준 부합 정도 설명 인공지능 거래 조건 변경 특정 집단 계층 차별 발생 주의 인종 종교 국적 성별 차별 발생 기업 미국 소비자 신용 평가 우편 반영 특정 인종 지역 불리 영향 연구원 데이터 자체 물론 처리 결과 특정 계층 차별 영향 설명 의사 결정 활용 정보 정보 주체 접근 권한 수정 기회 보장 의무화 소비자 취업 신용 보험 자신 의사결정 활용 정보 권리 자신 정보 부정확 의심 수정 요구 기업 인공지능 알고리즘 소비자 정보 신용평가사 제3자 제공 정보 주체 기회 오류 수정 정보 정확성 보장 장치 지침 인공지능 알고리즘 빅데이터 결과 빅데이터 소비자 편견 피해 주문 연방거래위 지침 기업 시정 명령 조치 벌금 처분 경고 양기문 연구원 인공지능 알고리즘 사회 만연 차별 반영 가시화 사례 기업 예상 기술적 사회적 위험 최소 선제적 대응 관점 연방 해결 접근법 시의 평가 지침 미국 진출 미국 시민 소비자 기업 적용 소비자들 시대 인공 지능 서비스 도움 김재섭 선임 사람과 디지털 연구소장,"['인공지능', '알고리즘', '소비자', '수', '정보', '기업', '때', '지침', '것', '등', '차별', '설명', '신용', '서비스', '사용', '판단', '사회', '기반', '평가', '미국', '안', '연구원', '위', '관련', '데이터', '활용', '지적', '결과', '이용자', '거래']",2, 인공지능 알고리즘
11204,7100501.202010153,CC인증 '장벽'에 보안 신기술도 좌절,"공통평가기준(CC) 인증이 보안 신기술 발전을 가로막는 것으로 지적됐다. 특히 보안 스타트업은 새로운 보안 기술을 개발하고도 CC 인증 평가 항목에 포함되지 않아 시장 진입에 제약을 받고 있었다.

15일 업계에 따르면 스타트업을 비롯한 국내 보안업체 다수가 CC 인증으로 인해 신기술 상용화에 어려움을 겪고 있었다.

한 보안 스타트업은 기존에 없던 새로운 보안 기술을 개발해서 시장 공급을 준비했지만 고객사로부터 CC 인증을 받아오라는 요구를 받은 뒤 사업 진행이 지체되고 있다.

이 업체 대표는 “기존 보안 기술보다 더 안전하고 편리한 기술을 개발했는데 CC 인증을 받기 위해 오히려 과거 기술을 제품에 적용해야 할 상황”이라면서 “지금부터 과거 기술 기반 모듈을 개발해 제품에 적용하려면 최소 1년 이상 걸릴 수밖에 없다”고 토로했다.

CC 인증을 받으려면 CC 인증 대상 제품 23종 유형별로 국가정보원 보호프로파일(PP)에서 규정한 방식을 충족시켜야 한다. 예컨대 웹 방화벽 제품은 PP에서 정의된 '인라인 방식'과 '리버스 프록시 방식' 가운데 보안 기능 요구 사항을 충족하는지 평가받는다. 보안 기능이 이 두 가지 방식에 해당하지 않는다면 CC 인증을 받을 수 없다.

신기술을 개발한 또 다른 스타트업은 CC 인증에 가로막혀 국내 시장 공급이 어려워지자 해외 보안 인증 취득으로 발길을 돌렸다.

이 업체 대표는 “국내에선 PP에 맞춰야만 공공기관에 납품할 수 있는데 기존 유형과 다른 솔루션이다 보니 맞출 수가 없었다”면서 “공공기관 도입 시 보안 신기술을 검증해야 할 필요는 인정하지만 새로운 업체가 시장에 진입조차 하지 못하는 구조는 불합리한 것 같다”고 지적했다.

CC 인증은 과거 보안 제품군을 바탕으로 만들어졌다. 기존 보안 제품에는 보호막이 되지만 새로운 보안 제품은 진입이 불가능한 구조라는 것이다.

업계 관계자는 “현재로선 스타트업이 새로운 보안 기술을 만들어도 CC 인증이라는 벽에 부닥쳐서 좌절할 수밖에 없다”면서 “공산품처럼 똑같은 보안 제품만 만들도록 종용하는 제도는 개선하고 기술력 있는 보안 스타트업이 성장할 수 있는 발판을 마련해야 한다”고 강조했다.

공공기관에서 보안사고 면피를 위해 CC 인증 대상이 아닌데도 CC 인증을 요구하는 관행은 문제로 지적된다.

업계 관계자는 “보안 제품 가운데 CC 인증 대상이 아닌 품목도 있지만 상당수 공공기관 담당자는 CC 인증을 요구한다”면서 “공공기관 보안과 산업 발전을 위해 신기술 도입을 가로막는 오래된 관행”이라고 말했다. 이 관계자는 CC 인증 대상 품목을 공공기관 담당자에게 명확히 고지하고 CC 인증 비대상 품목을 패스트트랙으로 추진하는 방안을 대안으로 제시했다.

이와 관련해 과학기술정보통신부는 국정원, 국가보안기술연구소와 함께 CC 인증 개선 방안 마련에 속도를 내고 있지만 현장에서 체감할 개선은 이뤄지지 않고 있다.

정재욱 과기정통부 사이버침해대응과장은 “시급한 CC 인증 재평가 기준에 관해 국정원과 협의하고 있다”면서 “1단계 제도 개선 이후 보안 신기술 분야 문제 제기에 관해 국정원과 함께 검토하겠다”고 말했다.

오다인기자 ohdain@etnews.com",'장벽'에 보안 신기술도 좌절 공통평가기준(CC) 인증이 보안 신기술 발전을 가로막는 것으로 지적됐다... 기존 보안 제품에는 보호막이 되지만 새로운 보안 제품은 진입이 불가능한 구조라는 것이다. ....보안 기술을 만들어도 CC 인증이라는 벽..공공기관에서 보안사고 면피를 위해 CC 인증 대상이 아닌데도 CC 인증을 요구하는 관행은 문제로 지적된다. ..,2020-10-15T16:54:22.000+09:00,전자신문,"['IT_과학>보안', 'IT_과학>모바일']",https://www.bigkinds.or.kr/resources/images/07100501/2020/10/15/07100501.20201015160927001.01.jpg,http://www.etnews.com/20201015000191,"['cc', '공공기관', '신기술', '국정원', '스타트업', '정재욱', '관계자', 'pp', '방화벽']",CC 인증 장벽 보안 좌절 공통평가기준 CC 인증 발전 보안 지적 보안 스타트업 보안 CC 인증 평가 항목 포함 시장 진입 제약 업계 스타트업 다수 보안 업체 CC 인증 상용 어려움 보안 스타트업 보안 시장 공급 준비 고객사 CC 인증 요구 사업 진행 지체 업체 대표 보안 안전 편리 CC 인증 과거 제품 적용 상황 과거 모듈 제품 적용 최소 토로 CC 인증 CC 인증 대상 제품 유형 국가 정보원 보호 프로파일 PP 규정 방식 충족 제품 방화벽 PP 정의 인라인 방식 방식 리버스 프록시 사항 충족 평가 보안 가지 방식 CC 인증 신기술 스타트업 CC 인증 공급 시장 해외 보안 인증 취득 발길 업체 대표 PP 공공기관 납품 유형 솔루션 공공기관 검증 인정 업체 시장 진입 구조 불합리 지적 CC 인증 제품군 과거 보안 바탕 보안 제품 보호막 보안 제품 진입 불가능 구조 업계 관계자 스타트업 보안 CC 인증 좌절 공산품 보안 제품 종용 제도 개선 보안 스타트업 성장 발판 마련 강조 공공기관 보안 사고 면피 대상 CC 인증 CC 인증 요구 관행 지적 업계 관계자 보안 제품 CC 인증 대상 품목 공공 기관 CC 인증 요구 공공 기관 보안 산업 발전 신기술 관행 관계자 CC 인증 대상 품목 공공기관 고지 CC 인증 품목 패스트트랙 추진 방안 대안 제시 과학기술정보통신부 국정원 국가보안기술연구소 마련 CC 인증 개선 방안 속도 현장 체감 개선 사이버침해대응과장 정재욱 과기 정통부 사이버 침해 대응 과장 CC 인증 기준 국정원 협의 개선 제도 분야 제기 보안 분야 국정원 검토,"['보안', '인증', '제품', '기술', '스타트', '업', '수', '신기술', '개발', '대상', '개선', '기관', '공공', '방식', '기존', '요구', '업체', '시장', '과거', '것', '지적', '진입', '업계', '국내', '관계자', '품목', '국정원', '기능', '관행', '마련']",1, 보안
