Unnamed: 0,news_id,title,content,hilight,dateline,provider,category,images,provider_link_page,tms_similarity,tms_raw_stream
0,1100201.2020070106,카카오페이·PASS앱 이용 휴대폰 개통,"본인인증 애플리케이션(앱)을 활용한 비대면 휴대전화 개통이 가능해진다. 
 
과학기술정보통신부는 30일 ‘제10차 신기술·서비스 심의위원회’를 열고 비대면 환경에서 이동통신 가입을 할 때 카카오페이 인증서와 PASS앱·은행계좌 인증을 본인 확인 수단에 추가하는 내용의 임시허가를 부여하기로 했다고 밝혔다. 
 
카카오 계열사인 스테이지파이브와 KT는 비대면 이동통신 가입 시에 각사가 제공하는 인증수단을 통해 편리한 본인확인이 이뤄질 수 있도록 임시허가를 신청했다. 이에 심의위는 오는 12월 시행되는 개정 전자서명법과 전기통신사업법 시행령 개정 전까지 임시허가를 부여하기로 했다. 
 
현행 전기통신사업법에서는 비대면 통신가입 과정에서 본인확인 수단으로 공인인증서, 신용카드, 휴대전화 문자인증만 허용됐다. 사설인증서비스가 본인확인 수단으로 확대되면서 향후 카카오톡 등의 플랫폼을 통한 휴대전화 개통도 가능해질 것으로 업계는 내다봤다. 
 
과기정통부 관계자는 “이번 임시허가를 통해 이용자 편익이 확대되고, 알뜰폰 시장 활성화에도 효과가 있을 것으로 보인다”고 말했다. 스테이지파이브는 알뜰폰과 사물인터넷(IoT) 관련 단말을 공급·유통하고 있다. 
 
이 외에도 심의위에서는 카카오모빌리티·KM솔루션·KST모빌리티가 신청한 플랫폼 가맹 택시의 차고지 밖 근무 교대 서비스도 실증 특례를 받게 됐다. 다만 별도 교대지를 확보하고, 실시간 음주측정 동영상 촬영 등이 조건으로 붙었다. 업계는 택시 배차 경로 효율화로 택시업계와 기사 수익이 증대될 것으로 기대하고 있다. 
 
과기정통부는 ICT 규제 샌드박스 제도 시행 이후 이날까지 접수된 176건의 과제 중 150건을 처리했다고 밝혔다. 
 
김성훈 기자 hunhun@kmib.co.kr","카카오페이·PASS<b>앱</b> 이용 휴대폰 개통 본<b>인인</b>증 애플리케이션(<b>앱</b>)을 활용한 비대면 휴대전화 개통이 가능해진다.....<b>인</b> 스테이지파이브와 KT는 비대면 이동<b>통신</b> 가입 시에 각사가 제공하는 <b>인</b>증수단을 통해 편리한 본<b>인</b>확<b>인</b>이 이뤄질 수 ..현행 전기<b>통신</b>사업법에서는 비대면 <b>통신</b>가입 과정에서 본<b>인</b>확<b>인</b> 수단으로 공<b>인인</b>증서, 신용카드, 휴대전화 문자<b>인</b>증만 허용됐다...",2020-07-01T04:07:57.000+09:00,국민일보,"['IT_과학>모바일', 'IT_과학>보안', 'IT_과학>콘텐츠']",https://www.bigkinds.or.kr/resources/images/01100201/2020/07/01/01100201.20200701040827001.01.jpg,http://news.kmib.co.kr/article/view.asp?arcid=0924145393&code=11151400,"[""['본인확인',"", ""'심의위',"", ""'알뜰폰',"", ""'임시허가',"", ""'신기술',"", ""'카카오페이',"", ""'실시간',"", ""'스테이지파이브',"", ""'인증서',"", ""'과기정통부',"", ""'관계자',"", ""'과기부',"", ""'부여',"", ""'정통부',"", ""'시행령',"", ""'활성화',"", ""'휴대폰']""]",카카오페이 PASS앱 개통 이용 휴대폰 심의위 과기부 허가 본인 인증 애플리케이션 활용 개통 휴대 전화 가능 과학기술정보통신부 신기술 서비스 심의위원회 환경 이동 통신 가입 인증서 카카오페이 PASS 은행 계좌 인증 수단 본인 확인 추가 임시허가 부여 카카오 계열사 스테이지파이브 KT 이동 통신 가입 제공 인증수단 편리 본인확인 임시허가 신청 심의위 시행 개정 전자 서명법 개정 전기 통신 사업법 시행령 개정 임시허가 부여 현행 전기 통신 사업 통신 가입 본인 확인 수단 공인인증서 신용카드 휴대 전화 문자 인증 허용 사설인증서비스 본인 확인 수단 확대 카카오톡 플랫폼 휴대 전화 개통 가능 업계 과기 정통부 관계자 임시허가 이용자 편익 확대 활성화 알뜰 시장 활성 효과 스테이지파이브 알뜰폰 사물인터넷 IoT 단말 공급 유통 심의위 카카오모빌리티 KM솔루션·KST모빌리티 신청 택시 플랫폼 가맹 차고지 서비스 근무 교대 실증 특례 별도 교대지 확보 실시간 음주 측정 동영상 촬영 조건 업계 택시 배차 경로 효율 택시업계 기사 수익 증대 과기정통부 시행 ICT 규제 샌드박스 제도 이날 접수 176건 150건 처리
1,2100851.2020063014,"""카카오톡·패스(PASS) 앱에서 비대면으로 이동통신 가입한다""","비대면 이동통신 가입 서비스. [제공=과학기술정보통신부] 
 
 
앞으로 간편 본인인증 앱 패스(PASS)와 은행 계좌만 있으면 이동통신 서비스에 가입할 수 있게 됐다. 
 
과학기술정보통신부는 30일 서울 중구 대한상공회의소에서 '제10차 신기술·서비스 심의위원회'를 열고, 총 9건의 규제 샌드박스 과제를 논의했다. 
 
이날 비대면 이동통신 가입 서비스(2건)와 GPS 기반 앱미터기 등 3건이 임시허가를, 택시 차고지 밖 교대 서비스 등 6건이 실증특례를 각각 받았다. 
 
비대면 이동통신 가입 서비스는 카카오톡에 앱인앱(앱 속의 앱) 형태로 제공되는 비대면 통신 가입(알뜰폰·KT) 채널을 활용하는 것으로, 스테이지파이브와 KT, 카카오페이가 신청했다. 
 
현행 전기통신사업법 상 비대면 통신 가입 시 공인 전자 서명, 신용카드, 휴대전화 문자 인증을 통해서만 본인 확인이 가능하다. 카카오페이와 같은 사설 인증서와 복합인증 기술(PASS 앱+계좌 인증)은 사실상 활용이 불가능했다. 하지만 심의위는 올해 12월 시행 예정인 전자서명법 개정안과 이에 따른 전기통신사업법 시행령 개정 전까지 이 서비스에 대해 임시허가를 부여했다. 
 
과기정통부는 이를 통해 알뜰폰 시장 활성화, 간편 본인 확인에 따른 이용자 편익 확대, 오프라인 개통 시 불법 고객정보 유출 및 이용자 피해 예방 등에 효과가 있을 것으로 기대했다. 
 
이와 함께 KST모빌리티의 GPS 기반 앱미터기가 임시허가를 받았다. 이 서비스는 GPS 위치 정보를 기반으로 시간, 거리 등을 계산해 주행요금을 산정·부과하는 스마트폰 단말기 형태다. 서울에서 가맹 택시인 마카롱 택시 500대에 한정해 실증 적용된다. 
 
카카오모빌리티·KM솔루션 및 KST모빌리티의 택시 차고지 밖 교대 서비스는 실증특례를 받았다. 이는 플랫폼 택시(가맹택시) 운전자가 차고지 밖에서 차량 점검, 운송기록 전송, 운전자 근무 교대, 배차관리 등을 원격으로 할 수 있는 서비스다. 다만 여객자동차법 상 택시의 근무교대는 차고지에서 하도록 규정하고 있다. 
 
또 KM솔루션이 신청한 플랫폼 기반 임시 택시 운전자격 운영, KST모빌리티의 요금 선결제 가맹 택시 서비스, 워프솔루션의 원거리 다중 무선충전 스탠드, 칠링키친의 푸드트럭 공유주방 서비스가 실증특례로 모두 인정됐다. 
 
장석영 과기정통부 2차관은 ""이번 심의위에서는 실생활에 필요한 과제들이 새롭게 지정돼 편의성을 높일 것으로 기대한다""며 ""앞으로도 여러 부처들과 긴밀히 협력해 실생활에 필요한 과제들이 빠르게 시장에 출시될 수 있도록 지원하겠다""고 말했다. 
노경조 기자 felizkj@ajunews.com","..<b>앱</b>에서 비대면..앞으로 간편 본<b>인인</b>증 <b>앱</b> 패스(PASS)와 은행 계좌만 있으면 이동<b>통신</b> 서비스에 가입할 수 있게 됐다...현행 전기<b>통신</b>사업법 상 비대면 <b>통신</b> 가입 시 공<b>인</b> 전자 서명, 신용카드, 휴대전화 문자 <b>인</b>증을 통해서만 본<b>인</b> 확<b>인</b>이 가능하다... 카카오페이와 같은 사설 <b>인</b>증서와 복합<b>인</b>증 기술(PASS <b>앱</b>+계좌 <b>인</b>증)은 사실상 활용이 불가능했다...",2020-06-30T17:55:00.000+09:00,아주경제,"['IT_과학>모바일', 'IT_과학>보안', 'IT_과학>콘텐츠']",https://www.bigkinds.or.kr/resources/images/02100851/2020/06/30/02100851.20200630175608001.01.jpg,http://www.ajunews.com/view/20200630174008279,"[""['이용자',"", ""'운전자',"", ""'서울',"", ""'비대면',"", ""'카카오페이',"", ""'실생활',"", ""'심의위',"", ""'장석영',"", ""'과기정통부',"", ""'대한상공회의소',"", ""'개정안',"", ""'모빌리티',"", ""'임시허가',"", ""'공유주방',"", ""'gps',"", ""'실증특례',"", ""'과학기술정보통신부',"", ""'샌드박스',"", ""'앱미터기',"", ""'원거리',"", ""'스마트폰']""]",카카오톡 패스 PASS 비대면 이동 통신 가입 서비스 이동 통신 가입 제공 과학기술정보통신부 본인인증 패스 본인 인증 PASS 은행 계좌 이동 통신 서비스 가입 과학기술정보통신부 서울 중구 대한상공회의소   서비스 심의위원회 9건 규제 샌드박스 논의 이날 서비스 이동 통신 가입 2건 GPS 앱미터기 3건 임시허가 택시 차고지 교대 서비스 6건 실증특례 서비스 이동 통신 가입 카카오톡 앱인앱 형태 제공 가입 통신 알뜰폰 KT 채널 활용 스테이지파이브 KT 카카오페이 신청 현행 전기 통신 사업 통신 가입 공인 전자 서명 신용카드 인증 휴대 전화 문자 본인 확인 가능 카카오페이 사설 인증서 복합인증 PASS 계좌 인증 사실 활용 불가능 심의위 예정 시행 전자 서명법 개정안 개정 전기 통신 사업법 시행령 개정 서비스 임시허가 부여 과기정통부 시장 활성 본인 확인 확대 이용자 편익 오프라인 개통 불법 고객 정보 유출 예방 이용자 피해 효과 KST모빌리티 GPS 앱미터기 임시허가 서비스 정보 GPS 위치 거리 계산 주행요금 산정 부과 형태 스마트폰 단말기 서울 가맹 택시 500대 마카롱 택시 한정 실증 적용 카카오모빌리티 KM솔루션 KST모빌리티 택시 차고지 교대 서비스 실증특례 플랫폼 택시 가맹택시 운전자 차량 점검 운송 기록 전송 교대 운전자 근무 배차관리 원격 서비스 여객자동차법 택시 근무교대 차고지 규정 KM솔루션 신청 플랫폼 임시 택시 운전 자격 운영 KST모빌리티 서비스 요금 선결제 가맹 택시 워프솔루션 원거리 다중 무선 충전 스탠드 칠링키친 서비스 푸드 트럭 공유주방 실증특례 인정 2차관 장석영 과기 정통부 심의위 실생활 지정 편의성 부처들 협력 실생활 시장 출시 지원
2,1100201.2020063014,카카오페이·PASS앱 통한 이동전화 가입 가능해진다,"본인인증 애플리케이션(앱)을 활용한 비대면 휴대전화 개통이 가능해진다. 
 
과학기술정보통신부는 30일 ‘제10차 신기술·서비스 심의위원회’를 열고 비대면 환경에서 이동통신 가입을 할 때 카카오페이 인증서와 PASS앱·은행계좌 인증을 본인 확인 수단에 추가하는 내용의 임시허가를 부여하기로 했다고 밝혔다. 
 
카카오 계열사인 스테이지파이브와 KT는 비대면 이동통신 가입 시에 각사가 제공하는 인증수단을 통해 편리한 본인확인이 이뤄질 수 있도록 임시허가를 신청했다. 이에 심의위는 오는 12월 시행되는 개정 전자서명법과 전기통신사업법 시행령 개정 전까지 임시허가를 부여하기로 했다. 
 
현행 전기통신사업법에서는 비대면 통신가입 과정에서 본인확인 수단으로 공인인증서, 신용카드, 휴대전화 문자인증만 허용됐다. 사설인증서비스가 본인확인 수단으로 확대되면서 향후 카카오톡 등의 플랫폼을 통한 휴대전화 개통도 가능해질 것으로 업계는 내다봤다. 
 
과기정통부 관계자는 “이번 임시허가를 통해 이용자 편익이 확대되고, 알뜰폰 시장 활성화에도 효과가 있을 것으로 보인다”고 말했다. 스테이지파이브는 알뜰폰과 사물인터넷(IoT) 관련 단말을 공급·유통하고 있다. 
 
이 외에도 심의위에서는 카카오모빌리티·KM솔루션·KST모빌리티가 신청한 플랫폼 가맹택시의 차고지 밖 근무 교대 서비스도 실증특례를 받게 됐다. 다만 별도 교대지를 확보하고, 실시간 음주측정 동영상 촬영 등이 조건으로 붙었다. 업계는 택시 배차 경로 효율화로 택시업계와 기사 수익이 증대될 것으로 기대하고 있다. 
 
과기정통부는 ICT 규제 샌드박스 제도 시행 이후 이날까지 접수된 176건의 과제 중 150건을 처리했다고 밝혔다. 이번 심의위에서는 처음으로 대한상공회의소의 ‘규제 샌드박스 지원센터’를 통해 접수된 3개 과제도 함께 심의됐다. 
 
김성훈 기자 hunhun@kmib.co.kr","카카오 계열사<b>인</b> 스테이지파이브와 KT는 비대면 이동<b>통신</b> 가입 시에 각사가 제공하는 <b>인</b>증수단을 통해 편리한 본<b>인</b>확<b>인</b>이 이뤄질 수 있도록 임시허가를 신청..현행 전기<b>통신</b>사업법에서는 비대면 <b>통신</b>가입 과정에서 본<b>인</b>확<b>인</b> 수단으로 공<b>인인</b>증서, 신용카드, 휴대전화 문자<b>인</b>증만 허용됐다... 스테이지파이브는 알뜰폰과 사물<b>인</b>터넷(<b>IoT</b>) 관련 단말을 공급·유통하고 있다...",2020-06-30T17:38:44.000+09:00,국민일보,"['IT_과학>모바일', 'IT_과학>보안', 'IT_과학>콘텐츠']",https://www.bigkinds.or.kr/resources/images/01100201/2020/06/30/01100201.20200630173932001.01.jpg,http://news.kmib.co.kr/article/view.asp?arcid=0014749657&code=61151411&cp=kd,"[""['본인확인',"", ""'심의위',"", ""'알뜰폰',"", ""'임시허가',"", ""'카카오페이',"", ""'실시간',"", ""'스테이지파이브',"", ""'인증서',"", ""'샌드박스',"", ""'과기정통부',"", ""'관계자',"", ""'부여',"", ""'신기술',"", ""'정통부',"", ""'시행령',"", ""'활성화']""]",카카오페이 PASS앱 가능 이동 전화 가입 본인 인증 애플리케이션 활용 개통 휴대 전화 가능 과학기술정보통신부 신기술 서비스 심의위원회 환경 이동 통신 가입 인증서 카카오페이 PASS 은행 계좌 인증 수단 본인 확인 추가 임시허가 부여 카카오 계열사 스테이지파이브 KT 이동 통신 가입 제공 인증수단 편리 본인확인 임시허가 신청 심의위 시행 개정 전자 서명법 개정 전기 통신 사업법 시행령 개정 임시허가 부여 현행 전기 통신 사업 통신 가입 본인 확인 수단 공인인증서 신용카드 휴대 전화 문자 인증 허용 사설인증서비스 본인 확인 수단 확대 카카오톡 플랫폼 휴대 전화 개통 가능 업계 과기 정통부 관계자 임시허가 이용자 편익 확대 활성화 알뜰 시장 활성 효과 스테이지파이브 알뜰폰 사물인터넷 IoT 단말 공급 유통 심의위 카카오모빌리티 KM솔루션·KST모빌리티 신청 플랫폼 가맹 택시 차고지 서비스 근무 교대 실증특례 별도 교대지 확보 실시간 음주 측정 동영상 촬영 조건 업계 택시 배차 경로 효율 택시업계 기사 수익 증대 과기정통부 시행 ICT 규제 샌드박스 제도 이날 접수 176건 150건 처리 심의위 대한상공회의소 지원센터 규제 샌드박스 지원 센터 접수 3개 심의
3,1100101.2020090315,"배달전문 공유주방 생기고, 앱으로 폰 개통한다","ㆍ대한상의·과기정통부, 서면으로 ‘규제 샌드박스’ 신속 승인 
ㆍ여러 사업자, 같은 주방 영업 가능…비대면 통신 가입도 허용



배달음식만 전문으로 제공하는 공유주방이 새롭게 문을 열고, 스마트폰 간편 본인인증 애플리케이션(앱)을 활용해 휴대전화를 개통하는 비대면 통신가입 서비스가 확대된다.

대한상공회의소와 과학기술정보통신부는 3일 규제 샌드박스 심의위원회를 서면으로 열고 배달전문 공유주방과 비대면 통신가입 앱 서비스 등을 의결했다고 밝혔다. 

지난달 대한상의가 산업통상자원부와 공동으로 건강기능식품 배송 서비스, 공유 미용실 플랫폼 사업을 통과시킨 데 이어 비대면 서비스들에 대한 규제가 속속 풀리고 있다.

이번 서면심의는 코로나19로 어려움을 겪는 기업들의 신속한 사업화와 시장 출시를 위해 신속처리(패스트트랙) 제도를 적용했다. 이미 유사한 형태의 사업이 진행되고 있는 경우 사전검토위원회 등을 생략하고 서면처리로 통과시킨 것이다. 앞서 공유주방은 지난해 7월, 통신가입 앱 서비스는 지난 6월 규제 샌드박스 심의위의 승인을 받았다. 

이번 패스트트랙 승인으로 배달전문 공유주방 업체 ‘키친엑스’가 문을 열게 됐다. 기존에 실증특례를 받은 공유주방처럼 여러 사업자가 같은 주방을 공유하는 모델이지만 배달전문 음식점 창업자를 대상으로 한다는 점이 다르다. 음식점 창업자는 공유주방에서 주방 및 관련 시설을 대여해 음식을 만들고, 조리된 음식은 배달 대행업체를 통해 소비자에게 판매하는 식이다.

현행 식품위생법 시행규칙에 따르면 한 주방을 다수 사업자가 공유할 수 없다. 교차오염으로 식중독이 발생할 수도 있기 때문이다. 심의위는 신규 외식업 창업자의 시장진입 확대, 초기 창업비용 감소, 창업성공률 제고 등의 효과를 고려해 공유주방 가이드라인 준수를 전제로 실증특례를 부여했다. 실증특례는 현행법에 따른 규제를 유예하고 일정 기간 제한된 구역에서 시장 테스트를 할 수 있도록 한 제도다. 이후 실증 결과에 문제가 없다면 해당 사업은 관련 법령 개정을 통해 정식으로 시장 출시도 가능하게 된다. 

간편 본인인증 앱인 패스(PASS)와 계좌인증만으로 휴대전화를 개통할 수 있는 비대면 이동통신 가입서비스(LG유플러스)도 허용됐다. 현행 전기통신사업법상 비대면으로 통신에 가입할 경우 본인확인 수단은 공인전자서명, 신용카드, 휴대전화 문자인증만 가능하다. 심의위는 비대면 이동통신 가입서비스에 대해 간편 본인확인 임시허가를 부여했다. 임시허가는 불합리하다고 판단되거나 해석이 모호한 법령 개정 전까지 혁신제품과 서비스의 시장 출시를 선제적으로 허용해주는 제도다. 

대한상의 샌드박스 지원센터는 국내 첫 샌드박스 민간 기구다. 정보통신기술(ICT)융합, 산업융합, 금융혁신 샌드박스 등 전 산업분야에서 지원이 가능하다. 지난 5월 출범 이후 26건의 혁신제품과 서비스에 대한 출시를 지원했다.

박효재 기자 mann616@kyunghyang.com","..<b>과학</b>기술<b>정보통신</b>부는 3.. 앞서 공유주방은 지난해 7월, <b>통신</b>가입 <b>앱</b> 서비스는 지난 6월 규제 샌드박스 심의위의 승<b>인</b>을 받았다... 현행 전기<b>통신</b>사업법상 비대면으로 <b>통신</b>에 가입할 경우 본<b>인</b>확<b>인</b> 수단은 공<b>인</b>전자서명, 신용카드, 휴대전화 문자<b>인</b>증만 가능하다... <b>정보통신</b>기술(ICT)융합, 산업융합, 금융혁신 샌드박스 등 전 산업분야에서 지원이 가능하다...",2020-09-03T22:15:02.000+09:00,경향신문,"['IT_과학>모바일', 'IT_과학>보안', 'IT_과학>콘텐츠']",https://www.bigkinds.or.kr/resources/images/01100101/2020/09/03/01100101.20200903161312001.01.jpg,http://news.khan.co.kr/kh_news/khan_art_view.html?artid=202009031612001&code=930100,"[""['공유주방',"", ""'샌드박스',"", ""'비대면',"", ""'심의위',"", ""'서면',"", ""'창업자',"", ""'휴대전화',"", ""'통신가입',"", ""'사업자',"", ""'대한상의',"", ""'위원회',"", ""'앱인',"", ""'부여',"", ""'실증특례',"", ""'임시허가',"", ""'음식점',"", ""'키친엑스']""]",배달 전문 공유 주방 개통 대한상의 과기정통부 서면 규제 샌드박스 신속 승인 사업자 가능 주방 영업 비대면 통신 가입 허용 배달음식 전문 제공 공유주방 스마트폰 본인 인증 애플리케이션 활용 휴대전화 개통 서비스 통신 가입 확대 대한상공회의소 과학기술정보통신부 규제 샌드 박스 심의 위원회 서면 배달 전문 공유주방 통신 가입 서비스 의결 지난달 대한상의 산업통상자원부 공동 서비스 건강 식품 배송 공유 미용실 플랫폼 사업 통과 서비스 규제 서면심의 코로나19 어려움 기업들 신속 사업화 시장 출시 신속처리 패스트트랙 제도 적용 형태 사업 진행 사전 생략 서면처리 통과 공유주방 7월 통신가입 서비스 통신 가입 규제 샌드 박스 심의위 승인 패스트 트랙 승인 배달 전문 공유 주방 업체 키친엑스 실증특례 공유주방 사업자 주방 공유 모델 창업자 배달 전문 음식점 대상 음식점 창업자 공유주방 주방 시설 대여 음식 조리 음식 배달 대행업체 소비자 판매 시행규칙 현행 식품 위생법 시행 규칙 주방 다수 사업자 공유 교차오염 식중독 발생 심의위 창업자 신규 외식업 시장 진입 확대 감소 초기 창업 비용 창업성공률 효과 공유주방 준수 공유 주방 전제 실증특례 부여 실증특례 현행법 규제 유예 제한 일정 기간 구역 시장 테스트 제도 실증 결과 사업 개정 법령 정식 시장 출시 가능 패스 본인 인증 앱인 PASS 계좌인증 휴대전화 개통 가입서비스 이동 통신 가입 서비스 LG유플러스 허용 비대면 현행 전기 통신 사업 통신 가입 수단 본인 확인 공인전자서명 신용카드 휴대 전화 문자 인증 가능 심의위 이동 통신 가입 서비스 본인 확인 임시 허가 부여 임시허가 불합리 판단 해석 법령 개정 혁신제품 서비스 시장 출시 선제적 허용 제도 대한상 샌드박스 지원 센터 기구 샌드박스 민간 정보통신기술 ICT 융합 산업융합 금융 혁신 샌드박스 산업분야 지원 가능 출범 26건 혁신제품 서비스 출시 지원
4,2100801.202009031,'앱으로 폰 개통한다' 대한상의-과기부 샌드박스 승인,"[아시아경제 이창환 기자] 배달을 이끄는 공유주방이 새롭게 문을 열고, 간편 인증 어플리케이션(앱)을 활용해 휴대전화를 개통하는 비대면 통신가입 서비스가 확대된다. 
 
대한상공회의소 샌드박스지원센터는 과학기술정보통신부가 3일 ‘샌드박스 심의위원회’를 서면으로 열고 ‘배달 전문 공유주방’, ‘비대면 통신가입 앱(App) 서비스’등을 의결했다고 밝혔다. 
 
대한상의는 이번 서면심의는 신종 코로나바이러스감염증(코로나19)로 인한 어려움 속에서도 기업들의 신속한 사업화와 시장출시를 위해 ‘패스트 트랙(Fast Track)’을 적용했다고 설명했다. 
 
위원회 의결에 따라 ‘배달 전문 공유주방’(키친엑스)이 문을 열게 됐다. 키친엑스는 기존에 실증특례를 받은 공유주방처럼 여러 사업자가 동일 주방을 공유하는 모델이지만 배달 전문 음식점 창업자를 대상으로 한다는 차별점이 있다. 
 
음식점 창업자는 공유주방에서 주방 및 관련 시설을 대여·공유해 음식을 만들고, 조리된 음식을 배달 대행 업체를 통해 소비자에게 배달·판매한다. 
 
현행 식품위생법 시행규칙에 따르면 1개 주방을 다수 사업자가 공유할 수 없다. 교차오염으로 식중독 등이 발생할 수 있기 때문이다. 
 
이에 심의위는 신규 외식업 창업자의 시장진입 확대와 초기 창업비용 감소, 창업성공률 제고 등의 효과를 고려해 공유주방 운영 가이드라인 준수를 전제로 ‘실증특례’를 부여했다. 
 
실증특례는 혁신제품과 서비스에 대해 규제를 유예·면제해, 일정 기간(최대 4년) 동안 제한된 구역에서 시장 테스트를 할 수 있는 제도다. 
 
간편 본인인증 앱(PASS)와 계좌인증을 통해 간편하게 휴대전화를 개통할 수 있는 ‘비대면 이동통신 가입서비스’(LG유플러스)도 추가 허용됐다. 
 
현행 전기통신사업법 상 비대면 통신가입 시 본인확인 수단으로 공인전자서명, 신용카드, 휴대전화 문자인증만 가능해 앱을 통한 가입여부가 불명확했다. 
 
심의위는 간편 본인확인으로 이용자 편익 확대, 오프라인 개통시 불법 고객 정보 유출 및 이용자 피해 예방 등의 효과를 고려해 비대면 이동통신 가입서비스에 대해 임시허가를 부여했다. 임시허가는 관련 법령 개정 전까지 혁신제품과 서비스의 시장 출시를 선제적으로 허용해주는 제도다. 
 
한편 과기정통부 샌드박스 심의위는 상의 과제 2건 외에도 ▲ 모바일 운전면허 확인 서비스 2건에 임시허가를 부여했고, 기존 실증특례 승인과제인 ▲ 수요응답 기반 커뮤니티형 대형승합택시에 대한 지정조건 변경을 승인했다. 
 
이창환 기자 goldfish@asiae.co.kr","..<b>과학</b>기술<b>정보통신</b>부가 3일 ..간편 본<b>인인</b>증 <b>앱</b>(PASS)와 계좌<b>인</b>증을 통해 간편하게 휴대전화를 개통할 수 있는 ..현행 전기<b>통신</b>사업법 상 비대면 <b>통신</b>가입 시 본<b>인</b>확<b>인</b> 수단으로 공<b>인</b>전자서명, 신용카드, 휴대전화 문자<b>인</b>증만 가능해 <b>앱</b>을 통한 가입여부가 불명확했다...▲ <b>모바일</b> 운전면허 확<b>인</b> 서비스 2건에 임시허가를 부여했고, 기존 실증특례 승<b>인</b>과제<b>인</b> ..",2020-09-03T12:02:22.000+09:00,아시아경제,"['IT_과학>모바일', 'IT_과학>보안', '경제>경제일반']",https://www.bigkinds.or.kr/resources/images/02100801/2020/09/03/02100801.20200903120222002.01.jpg,http:www.asiae.co.kr/article/2020090310560790506,"[""['공유주방',"", ""'심의위',"", ""'샌드박스',"", ""'이용자',"", ""'창업자',"", ""'통신가입',"", ""'휴대전화',"", ""'실증특례',"", ""'샌드',"", ""'건',"", ""'대한상의',"", ""'위원회',"", ""'부여',"", ""'서면',"", ""'사업자',"", ""'본인확인',"", ""'오프라인',"", ""'혁신제품',"", ""'대한상공회의소']""]",개통 대한상의 과기부 샌드박스 승인 배달 공유주방 인증 어플리케이션 활용 휴대전화 개통 서비스 통신 가입 확대 대한상공회의소 샌드 박스 지원 센터 과학기술정보통신부 심의위원회 샌드 박스 심의 위원회 서면 공유주방 배달 전문 통신 가입 App 서비스 의결 대한상의 서면심의 신종 코로나바이러스 감염증 코로나19 어려움 기업들 신속 사업화 시장출시 패스트 트랙 Fast Track 적용 설명 위원회 의결 공유주방 배달 전문 키친엑스 키친엑스 실증특례 공유주방 사업자 동일 주방 공유 모델 배달 전문 음식점 창업자 대상 차별점 음식점 창업자 공유주방 주방 시설 대여 공유 음식 조리 음식 업체 배달 대행 소비자 배달 판매 시행규칙 현행 식품 위생법 시행 규칙 주방 다수 사업자 공유 교차오염 식중독 발생 심의위 창업자 신규 외식업 시장 진입 확대 감소 초기 창업 비용 창업성공률 효과 공유주방 운영 준수 전제 실증특례 부여 실증특례 혁신제품 서비스 규제 유예 면제 일정 기간 최대 4년 제한 구역 시장 테스트 제도 본인인증 PASS 계좌인증 휴대전화 개통 가입서비스 이동 통신 가입 서비스 LG유플러스 추가 허용 통신가입 현행 전기 통신 사업 통신 가입 본인 확인 수단 공인전자서명 신용카드 휴대 전화 문자 인증 가능 가입여부 심의위 본인확인 확대 이용자 편익 오프라인 개통시 불법 고객 정보 유출 예방 이용자 피해 효과 가입서비스 이동 통신 가입 서비스 임시허가 부여 임시허가 개정 법령 개정 혁신제품 서비스 시장 출시 선제적 허용 제도 심의위 과기 정통부 샌드 박스   2건 모바일 운전면허 확인 서비스 임시허가 부여 실증 특례 승인 수요응답 커뮤니티 대형 승합 택시 지정 조건 변경 승인
5,2100851.2020091503,오늘부터 카카오톡 앱에서 스마트폰 구매-개통까지 다 된다,"카카오톡의 카카오페이를 통해 비대면으로 스마트폰 구입, 개통이 가능해진다. 
 
카카오 자회사 스테이지파이브가 15일 카카오페이 앱 내에 비대면 통신 가입 서비스 '스마트폰샵'을 오픈했다고 밝혔다. 
 
카카오톡 앱을 벗어나지 않고 스마트폰 구매부터 개통, 상담까지 가능해진 것이다. 
 
카카오페이 이용자 누구나 ‘카카오페이 인증’으로 별도의 신분증이나 서류 없이 본인인증 후, 스마트폰, 통신요금 상품을 쉽게 비교하고 가입할 수 있다. 
 
카카오페이머니 또는 카카오페이에 등록된 카드로 자동납부 신청도 가능하다. 
 
한편 스테이지파이브는 지난 6월 30일 카카오페이 인증을 활용한 비대면 통신 가입 서비스로 과학기술정보통신부의 'ICT 규제 샌드박스'를 통과했다.  카카오페이 앱 내 비대면 통신 가입 서비스 '스마트폰샵' 이미지[사진=스테이지파이브 제공] 
 
 
정명섭 기자 jms9@ajunews.com","카카오 자회사 스테이지파이브가 15일 카카오페이 <b>앱</b> 내에 비대면 <b>통신</b> 가입 서비스 ....<b>인</b>증’으로 별도의 신분증이나 서류 없이 본<b>인인</b>증 후, 스마트폰, ..한편 스테이지파이브는 지난 6월 30일 카카오페이 <b>인</b>증을 활용한 비대면 <b>통신</b> 가입 서비스로 <b>과학</b>기술<b>정보통신</b>부의 ..'ICT 규제 샌드박스'를 통과했다.  카카오페이 <b>앱</b> 내 비대면 <b>통신</b> 가입 서비스 ..",2020-09-15T09:29:02.000+09:00,아주경제,"['IT_과학>모바일', 'IT_과학>보안', '경제>금융_재테크']",https://www.bigkinds.or.kr/resources/images/02100851/2020/09/15/02100851.20200915092931001.01.jpg,http://www.ajunews.com/view/20200915092638126,"[""['카카오페이',"", ""'스테이지파이브',"", ""'스마트폰',"", ""'카카오톡',"", ""'비대면',"", ""'폰샵',"", ""'자회사',"", ""'신분증',"", ""'본인인증',"", ""'샌드박스',"", ""'ict',"", ""'과학기술정보통신부',"", ""'카카오페이머니',"", ""'이용자',"", ""'통신',"", ""'인증',"", ""'서비스',"", ""'가능',"", ""'개통',"", ""'신청',"", ""'상품',"", ""'가입',"", ""'규제',"", ""'카카오',"", ""'서류',"", ""'카드',"", ""'이미지',"", ""'자동',"", ""'납부',"", ""'본인']""]",스마트폰 구매 개통 카카오톡 카카오페이 비대면 스마트폰 구입 개통 가능 스테이지파이브 카카오 자회사 카카오페이 통신 가입 서비스 스마트 폰샵 오픈 카카오톡 스마트폰 구매 개통 상담 가능 카카오페이 이용자 카카오페이 인증 별도 신분증 서류 본인인증 스마트폰 통신 요금 상품 비교 가입 카카오페이머니 카카오페이 등록 카드 자동 납부 신청 가능 스테이지파이브 카카오페이 인증 활용 통신 가입 서비스 과학기술정보통신부 샌드박스 ICT 규제 통과 카카오페이 통신 가입 서비스 스마트 폰샵 이미지 사진 스테이지파이브 제공
6,2100851.202008201,"""KT에선 신분증 없이 패스 앱만으로 통신 서비스 OK""","[사진=KT 제공] 
 
KT가 실물 신분증 없이도 패스(PASS) 앱의 '모바일 운전면허 확인 서비스'를 이용하면 KT의 유무선 통신 서비스에 가입할 수 있게 된다고 20일 밝혔다. 
 
패스 모바일 운전면허는 패스(PASS) 인증 앱에 본인명의 운전면허증을 등록해 온·오프라인에서 자신의 운전자격과 신분을 증명하는데 사용할 수 있는 서비스다. 지난해 9월 과학기술정보통신부의 ICT 규제 샌드박스를 통해 상용화된 디지털 공인 신분증이다. 
 
KT 가입자들은 휴대폰 기기변경이나 유·무선 서비스 가입과 변경, 해지를 할 때 실물 신분증 없이 KT 패스 모바일 운전면허만 제시하면 된다. 이외에도 신분증이 필요한 모든 통신 관련 업무에 패스 모바일 운전면허를 이용할 수 있다. 단, 인터넷TV(IPTV) 업무에는 추후 적용될 예정이다. 
 
패스 모바일 운전면허의 장점은 보안성과 편의성이다. QR코드와 바코드가 노출되는 화면에는 캡처방지 기술이 적용됐다. 또한 QR코드 유효시간인 30초를 넘으면 QR코드를 초기화한다. 블록체인 기술이 적용돼 데이터 위변조도 불가능하다. 
 
이성환 KT 5G·GiGA 사업본부장은 ""앞으로도 KT는 통신 서비스에 있어 고객 편의성을 높여나갈 것""이라고 말했다. 
차현아 기자 chacha@ajunews.com",..<b>모바일</b> 운전면허 확<b>인</b> 서비스'를 이용하면 KT의 유.. 지난해 9월 <b>과학</b>기술<b>정보통신</b>부의 ICT 규제 샌드박스를 통해 상용화된 <b>디지털</b> 공<b>인</b> 신분증이다... 이외에도 신분증이 필요한 모든 <b>통신</b> 관련 업무에 패스 <b>모바일</b> 운전면허를 이용할 수 있다...패스 <b>모바일</b> 운전면허의 장점은 <b>보안</b>성과 편의성이다... <b>블록체인</b> 기술이 적용돼 <b>데이터</b> 위변조도 불가능하다...,2020-08-20T10:03:45.000+09:00,아주경제,"['IT_과학>모바일', 'IT_과학>보안', 'IT_과학>콘텐츠']",https://www.bigkinds.or.kr/resources/images/02100851/2020/08/20/02100851.20200820100425001.01.jpg,http://www.ajunews.com/view/20200820095837617,"[""['kt',"", ""'신분증',"", ""'운전면허',"", ""'휴대폰',"", ""'과학기술정보통신부',"", ""'이성환',"", ""'편의성',"", ""'qr코드',"", ""'사업본부장',"", ""'qr',"", ""'캡처방지',"", ""'오프라인',"", ""'보안성',"", ""'샌드박스',"", ""'상용화',"", ""'ict',"", ""'불가능',"", ""'본인명',"", ""'운전자격',"", ""'면허증',"", ""'블록체',"", ""'운전면허증',"", ""'본부장',"", ""'가입자']""]",KT 신분증 패스 OK 통신 서비스 사진 KT 제공 KT 실물 신분증 패스 PASS 모바일 운전면허 확인 서비스 이용 KT 서비스 유무선 통신 가입 20일 운전면허 패스 모바일 패스 PASS 인증 본인명 운전면허증 등록 오프라인 자신 운전자격 신분 증명 사용 서비스 과학기술정보통신부 샌드박스 ICT 규제 상용화 신분증 디지털 공인 KT 휴대폰 기기 변경 무선 서비스 가입 변경 해지 신분증 실물 KT 패스 모바일 운전면허 제시 이외 신분증 통신 업무 통신 운전면허 패스 모바일 이용 인터넷TV IPTV 업무 추후 적용 예정 운전면허 패스 모바일 운전 면허 장점 보안성 편의성 QR코드 바코드 노출 화면 캡처방지 적용 QR 코드 유효 시간 30초 QR코드 초기화 블록체 적용 데이터 위변조 불가능 5G· 이성환 KT GiGA 사업본부장 KT 통신 서비스 고객 편의
7,2100201.2020031204,홈케어·모바일고지서 등 규제샌드박스 안건 7건 심의,"[머니투데이 조성훈 기자] 
 (세종=뉴스1) 장수영 기자 = 노형욱 국무조정실장이 23일 정부세종청사 국조실 브리핑실에서 '규제 샌드박스 발전방안' 브리핑을 하고 있다. 국조실은 규제샌드박스 시행 1년을 맞아 행정부담 추가경감 및 사업자 편의 제고, 시장진출 촉진을 위한 지원제도 보강, 실효성 제고를 위한 추가조치 등의 보완대책을 설명했다. 2020.1.23/뉴스1심혈관질환자 홈케어 서비스와 민간용 모바일고지서, 온라인주류 주문서비스 등 ICT 분야 규제샌드박스 안건이 심의된다. 
과학기술정보통신부는 12일 '8차 신기술, 서비스 심의위원회'를 열고 LG전자·서울대병원의 '홈케어 알고리즘 개발 및 내원안내 서비스' 등 7개 규제샌드박스 신청안건을 심의한다고 밝혔다. 심의결과는 오후에 나온다.

이번 신청 안건은 '적극행정' 부문에서 △LG전자·서울대병원의 홈케어 알고리즘 개발 및 내원안내 서비스 △LG전자·에임메드의 홈케어 건강관리서비스 △나우버스킹의 온라인 주류 주문 결제 및 오프라인 수령 서비스 등과 '임시허가' 신청한 △KT의 민간기관 등의 고지서 모바일 전자고지 △삼성전자·한국정보인증의 모바일 운전면허 확인서비스, '실증특례'를 신청한 △로이쿠의 관광택시 중개 플랫폼 서비스 △아이티아이씨앤씨의 생체신호를 이용한 위험감지 서비스 등이다.

LG전자가 신청한 홈케어 사업은 심혈관질환자를 대상으로 부정맥 데이터 수집 및 측정 소프트웨어를 개발하고 부정맥 발생 시 병원 임상코디네이터가 내원안내 등의 서비스를 제공하는 게 골자다. 의료용 부정맥 측정 소프트웨어와 생체정보 데이터 수집의 의료기기 및 임상시험 승인 여부가 불명확해서 신청했다. 또 홈케어 건강관리서비스 역시 비의료인의 의료행위 금지관련 의료법 규정이 심의대상이다. 

나우버스킹의 온라인 주류결제 및 오프라인 수령서비스는 현재 전통주를 제외하고는 대면판매만 허용되는 주류판매 규제를 완화하는 계기가 될지 주목된다.

KT 컨소시엄의 고지서 모바일 전자고지는 금융회사, 공제회 등 민간기관의 기존 우편을 통한 고지를 모바일(문자)로 통지하고 확인하는 서비스를 위한 정보통신망법상 규제완화를 검토한다. 지난해 공공기관에 이어 민간까지 모바일고지서를 확장하는 개념이다.

삼성전자·한국정보인증의 모바일 운전면허 확인서비스는 지난해 통신3사가 신청한 모바일운전면허증과 같은 내용으로, 모바일운전면허증이 기존 플라스틱 운전면허증과 동일한 효력을 인정할지 여부를 논의한다."," 의료용 부정맥 측정 <b>소프트웨어</b>와 생체정보 <b>데이터</b> 수집의 의료기기 및 임상시험 승<b>인</b> 여부가 불명확해서 신청했다.....<b>모바일</b> 전자고지는 금융회사, 공제회 등..삼성전자·한국정보<b>인</b>증의 <b>모바일</b> 운전면허 확<b>인</b>서비스는 지난해 <b>통신</b>3사가 신청한 <b>모바일</b>운전면허증과 같은 내용으로, <b>모바일</b>운전면허증이 기존 플라스틱 운전면허증과 동일한 효력을 <b>인</b>정할지 여부를 논의한다...",2020-03-12T11:20:47.000+09:00,머니투데이,"['IT_과학>모바일', 'IT_과학>콘텐츠', 'IT_과학>보안']",https://www.bigkinds.or.kr/resources/images/02100201/2020/03/12/02100201.20200312112047001.01.jpg,http://news.moneytoday.co.kr/view/mtview.php?no=2020031210143123632&type=2,"[""['홈케어',"", ""'부정맥',"", ""'고지서',"", ""'샌드박스',"", ""'국조실',"", ""'삼성전자',"", ""'오프라인',"", ""'내원안내',"", ""'면허증',"", ""'브리핑실',"", ""'내원',"", ""'모바일고지서',"", ""'나우버스킹',"", ""'건강관리서비스']""]",홈케어 모바일고지서 규제 샌드박스 안건 심의 장수영 노형욱 국무 조정 실장 정부 세종청사 국조실 브리핑실 규제 샌드박스 발전 방안 브리핑 국조실 1년 규제 샌드박스 시행 행정 부담 추가 경감 사업자 편의 시장 진출 촉진 지원 제도 보강 실효성 추가조치 보완대책 설명 2020.1 뉴스1심혈관 질환자 홈케어 서비스 민간 모바일 고지서 온라인 주문 서비스 ICT 분야 규제 샌드박스 안건 심의 과학기술정보통신부 신기술 서비스 심의 위원회 LG전자·서울대병원 홈케어 알고리즘 내원 안내 서비스 신청안건 규제 샌드박스 신청 안건 심의 심의결과 신청 안건 적극행정 LG전자·서울대병원 홈케어 알고리즘 LG전자·에임메드 내원 안내 서비스 LG 전자 에임메드 나우버스킹 홈케어 건강관리 서비스 나우 버스킹 온라 결제 주류 주문 서비스 오프라인 수령 임시허가 신청 KT 민간기관 고지서 모바일 전자 고지 삼성전자 한국정보인증 확인서비스 모바일 운전면허 확인 서비스 실증특례 신청 로이쿠 아이티아이씨앤씨 관광 택시 중개 플랫폼 서비스 생체신호 이용 위험감지 서비스 LG전자 신청 홈케어 사업 심혈관질환자 대상 수집 부정맥 데이터 측정 소프트웨어 임상코디네이터 부정맥 발생 병원 임상 코디네이터 내원안내 서비스 제공 골자 의료 부정맥 측정 소프트웨어 수집 생체 정보 데이터 의료기기 여부 임상 시험 승인 신청 건강관리서비스 비의료인 의료 행위 의료법 규정 심의대상 나우버스킹 온라 주류결제 오프라인 수령 서비스 전통주 제외 대면판매 허용 주류 판매 규제 완화 계기 주목 KT 컨소시엄 전자 고지서 모바일 금융회사 공제회 민간기관 우편 고지 모바일 문자 통지 확인 서비스 정보 통신망법 규제 완화 검토 공공기관 민간 모바일고지서 확장 개념 삼성전자 한국정보인증 확인서비스 모바일 운전면허 확인 서비스 통신3사 신청 모바일운전면허증 모바일운전면허증 플라스틱 운전 면허증 동일 효력 인정 여부 논의
8,1100611.2020072415,택시에 ‘선불·동승요금제’ 나온다…‘앱 미터기’ 도입 스타트,"카카오모빌리티가 자사 서비스에 ‘앱 미터기’를 도입한다. 국내 중형택시에 앱 미터기가 도입되는 것은 처음이다. 샌드박스를 통해 관련 규제가 유예됨에 따라 모빌리티 업계에 ‘앱 미터기 열풍’이 불고 있다.
카카오모빌리티는 24일 카카오T블루에 앱 미터기를 도입한다고 밝혔다. 카카오모빌리티는 지난 6월 마련된 국토교통부의 ‘앱 미터기 임시검정 기준안’을 1호로 통과해 앱 미터기 사업을 위한 자격을 갖췄다.
앱 미터기는 위성항법장치(GPS) 기반으로 시간, 거리, 속도를 계산해 택시 요금을 산정하는 시스템이다. 기존의 기계식 미터기는 요금제를 변경할 때 수동으로 기기를 조정해야 하는 불편이 있었다. 앱 미터기를 사용하게 되면 소프트웨어를 통해 요금제가 제어됨으로 물리적 조정 없이 변경이 가능하다. 탄력 요금제, 선불요금제, 동승요금제를 비롯한 다양한 요금제 서비스를 내놓을 때도 용이한 측면이 있다.
사용자 입장에서는 앱을 통해 요금을 실시간으로 확인할 수 있는 것이 장점이다. 할증 비용도 앱에서 자동으로 계산된다.
과학기술정보통신부가 지난달 30일 ‘GPS 기반 앱 미터기’를 규제샌드박스 사업으로 지정함에 따라 모빌리티 업계는 앞다퉈 앱 미터기를 도입하고 있다. KST모빌티는 자사 가맹형 플랫폼택시인 ‘마카롱택시’ 500대에 앱미터기를 설치해 동승요금제, 선불요금제 등을 실험할 예정이다. 카카오모빌리티는 일단 가맹형 택시인 카카오T블루 차량 10대 규모로 시작해 적용 차량 범위를 점차 확대하겠다는 계획이다.
한재희 기자 jh@seoul.co.kr","..<b>앱</b> 미터기를 도입한다고..<b>앱</b> 미터기는 위성항법장치(GPS) 기반으로 시간, 거리, 속도를 계산해 택시 요금을 산정하는 <b>시스템</b>이다... <b>앱</b> 미터기를 사용하게 되면 <b>소프트웨어</b>를 통해 요금제가 제어됨으로 물리적 조정 없이 변경이 가능하다...사용자 입장에서는 <b>앱</b>을 통해 요금을 실시간으로 확<b>인</b>할 수 있는 것이 장점이다...<b>과학</b>기술<b>정보통신</b>부가 지난달 30일 ..",2020-07-24T14:37:13.000+09:00,서울신문,"['IT_과학>모바일', 'IT_과학>콘텐츠', 'IT_과학>보안']",https://www.bigkinds.or.kr/resources/images/01100611/2020/07/24/01100611.20200724144243001.01.jpg,http://www.seoul.co.kr/news/newsView.php?id=20200724500103,"[""['미터기',"", ""'카카오모빌리티',"", ""'요금제',"", ""'기준안',"", ""'샌드박스',"", ""'앱미터기',"", ""'동승요금제',"", ""'모빌리티',"", ""'gps',"", ""'마카롱택시',"", ""'국토교통부',"", ""'모빌티',"", ""'사용자',"", ""'샌드',"", ""'플랫폼택',"", ""'호',"", ""'대',"", ""'과학기술정보통신부',"", ""'위성항법장치',"", ""'교통부',"", ""'실시간',"", ""'기계식',"", ""'플랫폼택시',"", ""'선불요금제',"", ""'kst',"", ""'시간date']""]",택시 선불 동승요금제 미터기 스타트 중형 앱미터기 카카오모빌리티 카카오모빌리티 자사 서비스 미터 중형 미터기 샌드박스 규제 유예 모빌리티 업계 열풍 미터기 카카오모빌리티 카카오 블루 미터 카카오모빌리티 마련 국토교통부 미터 임시 검정 기준안 1호 통과 미터 사업 자격 미터 위성항법장치 GPS 거리 속도 계산 택시 요금 산정 기계식 미터 요금제 변경 수동 기기 조정 불편 미터기 사용 소프트웨어 요금제 제어 물리 조정 변경 가능 탄력 요금 선불요금제 동승요금제 요금 서비스 측면 사용자 입장 요금 실시간 확인 장점 할증 비용 자동 계산 과학기술정보통신부 GPS 지난달 미터 규제 샌드박스 사업 지정 모빌리티 업계 미터 KST모빌티 플랫폼택시 자사 가맹 플랫폼택 마카롱택시 500대 앱미터기 설치 동승요금제 선불요금제 실험 예정 카카오모빌리티 가맹 택시 카카오 블루 차량 규모 시작 범위 적용 차량 확대 계획
9,1100201.2020090309,아직 매장 가니?…이젠 앱으로 휴대폰 개통,"앞으로 스마트폰 애플리케이션으로 휴대폰을 개통할 수 있다. 여러 배달음식점 운영자가 하나의 주방을 이용하는 것도 가능해진다. 
 
대한상공회의소 샌드박스지원센터는 3일 과학기술정보통신부가 ‘샌드박스 심의위원회’를 서면으로 열고 ‘비대면 통신가입 앱(App) 서비스’와 ‘배달전문 공유주방’ 등을 의결했다고 밝혔다. 이번 심의는 코로나로 인한 어려움 속에서도 기업들의 신속한 사업화와 시장 출시를 위해 ‘패스트 트랙’을 적용했다. 유사한 과제를 대상으로 사전검토 등을 생략하고 서면처리한 것이다. 
 
이로써 간편 본인인증 앱(PASS)과 계좌인증을 통해 간편하게 휴대전화를 개통할 수 있는 ‘비대면 이동통신 가입서비스’가 허용됐다. LG유플러스가 신청한 서비스다. 현행 전기통신사업법상 비대면 통신가입 시 본인확인 수단으로 공인전자서명, 신용카드, 휴대전화 문자인증만 가능하여, 앱을 통한 가입 여부가 불명확했다. 
 
심의위는 간편 본인확인으로 이용자 편익 확대, 오프라인 개통시 불법 고객 정보 유출 및 이용자 피해 예방 등의 효과를 고려해 비대면 이동통신 가입서비스에 대해 임시허가를 부여했다. 임시허가는 관련 법령 개정 전까지 혁신제품과 서비스의 시장 출시를 선제적으로 허용해주는 제도다. 
 
키친엑스가 신청한 ‘배달전문 공유주방’은 여러 사업자가 주방을 공유하는 모델로 배달 전문 음식점 창업자를 대상으로 한다. 음식점 창업자는 공유주방에서 주방 및 관련 시설을 대여·공유해 음식을 만들고, 조리된 음식을 배달 대행업체를 통해 소비자에게 배달·판매하게 된다. 현행 식품위생법에 따르면 1개 주방을 다수 사업자가 공유할 수 없다. 
 
식중독 등 위생 문제 가능성이 크기 때문이다. 심의위는 신규 외식업 창업자의 시장진입 확대와 초기 창업비용 감소, 창업성공률 제고 등의 효과를 고려해 공유주방 운영 가이드라인 준수를 전제로 ‘실증특례’를 부여했다. 실증특례는 혁신제품과 서비스에 대해 규제를 유예·면제해, 일정 기간(최대 4년) 동안 제한된 구역에서 시장 테스트를 할 수 있는 제도다. 
 
과기정통부 샌드박스 심의위는 이외 모바일 운전면허 확인 서비스 2건을 임시허가했다. 대한상의 샌드박스 지원센터는 국내 첫 샌드박스 민간 기구다. ICT융합, 산업융합, 금융혁신 샌드박스 등 전 산업 분야에서 지원 가능하다. 지난 5월 출범 이후 26건의 혁신제품과 서비스에 대한 시장 출시를 지원했다. 혁신사업에 관한 규제 여부를 30일 이내에 확인하는 신속확인을 통해 처리했다. 
 
강주화 기자 rula@kmib.co.kr",대한상공회의소 샌드박스지원센터는 3일 <b>과학</b>기술<b>정보통신</b>부가 ..이로써 간편 본<b>인인</b>증 <b>앱</b>(PASS)과 계좌<b>인</b>증을 통해 간편하게 휴대전화를 개통할 수 있는 ....<b>통신</b>사업법상 비대면 <b>통신</b>가입 ..과기정통부 샌드박스 심의위는 이외 <b>모바일</b> 운전면허 확<b>인</b> 서비스 2건을 임시허가했다... 혁신사업에 관한 규제 여부를 30일 이내에 확<b>인</b>하는 신속확<b>인</b>을 통해 <b>처리</b>했다...,2020-09-03T12:00:44.000+09:00,국민일보,"['IT_과학>모바일', 'IT_과학>보안', 'IT_과학>콘텐츠']",https://www.bigkinds.or.kr/resources/images/01100201/2020/09/03/01100201.20200903120140001.01.jpg,http://news.kmib.co.kr/article/view.asp?arcid=0014974258&code=61151111&cp=kd,"[""['샌드박스',"", ""'공유주방',"", ""'심의위',"", ""'이용자',"", ""'창업자',"", ""'음식점',"", ""'휴대전화',"", ""'샌드',"", ""'혁신제품',"", ""'서면',"", ""'부여',"", ""'운영자',"", ""'사업자',"", ""'이젠',"", ""'휴대폰',"", ""'실증특례',"", ""'오프라인',"", ""'대한상공회의소',"", ""'가입서비스']""]",매장 이젠 휴대폰 개통 통신 가입 App 서비스 스마트폰 애플리케이션 휴대폰 개통 배달 음식점 운영자 주방 이용 가능 대한상공회의소 샌드 박스 지원 센터 과학기술정보통신부 샌드 박스 심의 위원회 서면 통신 가입 App 서비스 배달 전문 공유 주방 의결 심의 코로나 어려움 기업들 신속 사업화 시장 출시 패스트 트랙 적용 대상 사전검토 생략 서면처리 본인인증 PASS 계좌인증 휴대전화 개통 가입서비스 이동 통신 가입 서비스 허용 LG유플러스 신청 서비스 수단 현행 전기 통신 사업 통신 가입 본인 확인 공인전자서명 신용카드 휴대 전화 문자 인증 가능 가입 여부 심의위 본인확인 확대 이용자 편익 오프라인 개통시 불법 고객 정보 유출 예방 이용자 피해 효과 가입서비스 이동 통신 가입 서비스 임시허가 부여 임시허가 개정 법령 개정 혁신제품 서비스 시장 출시 선제적 허용 제도 키친엑스 신청 배달 전문 공유주방 사업자 주방 공유 모델 배달 전문 음식점 창업자 대상 음식점 창업자 공유주방 주방 시설 대여 공유 음식 조리 음식 배달 대행업체 소비자 배달 판매 현행 식품 위생법 주방 다수 사업자 공유 식중독 위생 가능성 위생 가능 심의위 창업자 신규 외식업 시장 진입 확대 감소 초기 창업 비용 창업성공률 효과 공유주방 운영 준수 전제 실증특례 부여 실증특례 혁신제품 서비스 규제 유예 면제 일정 기간 최대 4년 제한 구역 시장 테스트 제도 심의위 과기 정통부 샌드 박스 이외 모바일 운전면허 확인 서비스 임시허가 대한상 샌드박스 지원 센터 기구 샌드박스 민간 ICT융합 산업융합 금융 혁신 샌드박스 산업 분야 지원 가능 출범 26건 혁신제품 서비스 시장 출시 지원 혁신사업 규제 여부 30일 확인 신속확인 처리
10,2100701.202009031,"카톡,네이버 앱에 운전면허증 들어온다","[헤럴드경제=유동현 기자]카카오톡과 네이버 앱 안으로 모바일 운전면허증이 들어온다. 
 
 네이버와 카카오는 3일 과학기술정보통신부(이하 과기부)의 ‘ICT 규제 샌드박스’를 통해 ‘모바일 운전면허 확인 서비스’에 대한 임시허가를 획득했다고 밝혔다. 
 
 이는 이용자가 본인 명의의 휴대전화로 온?오프라인에서 운전 자격 및 신분을 증명할 수 있는 서비스다. 앞으로 카카오톡과 네이버 앱을 통해 운전면허증 정보를 보관 및 활용할 수 있게 된다. 
 
 양사는 연내 모바일 운전면허증을 구현하겠다는 계획이다. 
 
 카카오의 경우 본인확인 과정을 거치고 전자서명을 위한 인증서를 생성한 뒤 운전면허증을 등록해 카카오톡을 통해 이용할 수 있다. 
 
 이때 카카오뱅크 신원확인 기술을 이용, 경찰청과 도로교통공단을 통해 신분증 진위 여부 확인 과정을 거친다. 
 
 운전면허증 정보는 전자서명과 함께 암호화돼 카카오톡에 등록되고 블록체인에 기록된다. 
 
 네이버는 ‘네이버 인증서’를 통해 ‘모바일 운전면허 확인 서비스’를 제공한다. 로그인 보안 기술, PKI방식의 암호화 기술, 위변조 및 복제를 방지하는 블록체인 기술 등이 접목된다. 
 
 오경수 네이버 인증서, 전자문서 서비스 담당 리더는 “네이버 인증서를 활용한 운전면허 확인 서비스는 연내 출시를 목표로 하고 있으며, 네이버 앱이 이용자의 생활 속 다양한 순간에서 편리함과 안전함을 동시에 제공할 수 있는 생활밀착형 서비스로 자리매김할 수 있도록 최선을 다할 것”이라고 밝혔다. 
 
 이날 과기부는 ▷LG유플러스의 ‘비대면 이동통신 가입 서비스’ ▷키친엑스의 ‘배달 전문 공유 주방 서비스’ ▷현대자동자?KST모빌리티의 ‘수요응답 기반 커뮤니티형 대형승합택시’ 규제 샌드박스도 함께 승인했다. 
 
 LG유플러스는 간편 본인인증 앱인 PASS와 계좌인증 기술을 접목해 비대면 통신 가입 서비스가 가능해졌다. 현행 전기통신사업법 상 공인전자서명, 신용카드, 휴대전화, 문자인증만 가능했다. 
 
 키친엑스는 향후 여러 명의 배달 전문 음식사업자가 단일 주방 시설을 공유할 수 있도록 과기부로부터 실증특례를 부여받았다. 현행 식품위생법상 한 개의 주방 및 관련 시설을 다수 영업자가 공유하는 건 불가능하다. 
 
 헌대자동차?KST모빌리티는 대형승합택시(12인승)를 활용한 월 구독형 모빌리티 서비스 운영 시간을 기존 7시~24시에서 한 시간 앞당긴 6시부터 가능해진다. 
 
 세종시의 경우 서비스 지역 반경이 기존 2km내외에서 4km내외로 확대됐다. 세종시 1생활권(세종청사) 및 2생활권(중심상업지역 반경)이 포함된다. 올해 11월부터 서비스 될 예정이다. 
 
 dingdong@heraldcorp.com","[헤럴드경제=유동현 기자]카카오톡과 네이버 <b>앱</b> 안으로 <b>모바일</b> 운전면허증이 들어온다... 네이버와 카카오는 3일 <b>과학</b>기술<b>정보통신</b>부(이하 과기부)의 .. 운전면허증 정보는 전자서명과 함께 암호화돼 카카오톡에 등록되고 <b>블록체인</b>에 기록된다.....<b>인</b> <b>보안</b> 기술, PKI방식의 암.. 현행 전기<b>통신</b>사업법 상 공<b>인</b>전자서명, 신용카드, 휴대전화, 문자<b>인</b>증만 가능했다...",2020-09-03T12:02:07.000+09:00,헤럴드경제,"['IT_과학>모바일', 'IT_과학>보안', 'IT_과학>콘텐츠']",https://www.bigkinds.or.kr/resources/images/02100701/2020/09/03/02100701.20200903120207002.01.jpg,http://biz.heraldcorp.com/view.php?ud=20200903000637,"[""['네이버',"", ""'과기부',"", ""'운전면허증',"", ""'모빌리티',"", ""'카카오톡',"", ""'면허증',"", ""'인증서',"", ""'세종시',"", ""'대형승합택시',"", ""'이용자',"", ""'운전면허',"", ""'휴대전화',"", ""'카카오뱅크',"", ""'유플러스',"", ""'암호화',"", ""'과학기술정보통신부',"", ""'신분증']""]",카톡 네이버 운전면허증 카카오톡 네이버 모바일 운전 면허증 네이버 카카오 과학기술정보통신부 과기부 샌드박스 ICT 규제 모바일 운전면허 확인 서비스 임시허가 획득 이용자 본인 명의 휴대전화 오프라인 운전 자격 신분 증명 서비스 카카오톡 네이버 운전 면허증 정보 보관 활용 운전면허증 연내 모바일 운전 면허증 계획 카카오 본인 확인 전자서명 인증서 생성 운전면허증 등록 카카오톡 이용 신원확인 카카오뱅크 신원 확인 이용 경찰청 도로교통공단 신분증 진위 여부 확인 운전 면허증 정보 전자서명 암호화 카카오톡 등록 블록체인 기록 네이버 네이버 인증서 모바일 운전면허 확인 서비스 제공 로그인 보안 PKI방식 암호화 위변조 복제 방지 블록체 접목 인증서 오경수 네이버 전자 문서 서비스 리더 네이버 인증서 활용 서비스 운전면허 확인 연내 출시 네이버 이용자 생활 순간 편리 안전 동시 제공 생활 밀착 서비스 자리매김 최선 이날 과기부 LG유플러스 이동 통신 가입 서비스 키친엑스 서비스 배달 전문 공유 주방 현대자동자 KST모빌리티 수요응답 커뮤니티 대형 승합 택시 규제 샌드 박스 승인 LG유플러스 본인인증 PASS 계좌인증 접목 통신 가입 서비스 가능 현행 전기 통신 사업 공인 전자 서명 신용카드 휴대전화 문자인증 가능 키친엑스 음식사업자 배달 전문 음식 사업자 시설 단일 주방 공유 과기부 실증특례 부여 현행 식품 위생법 주방 시설 다수 영업자 공유 헌대자동차 KST모빌리티 대형승합택시 12인 활용 운영 구독 모빌리티 서비스 7시 24시 6시 가능 세종시 서비스 지역 반경 2km내외 4km내외 확대 세종시 세종청사 2생활 중심상업지역 반경 포함 11월 서비스 예정
11,1100201.2020082015,모바일 신분증으로 휴대폰 바꿀 수 있다,"이제 ‘모바일 신분증’으로 휴대폰을 바꿀 수 있다. 
 
KT는 실물 신분증 없이도 패스(PASS) 앱의 ‘모바일운전면허 확인서비스(이하 패스 모바일운전면허)’로 KT의 유무선 통신서비스에 가입할 수 있게 된다고 20일 밝혔다. 통신사 최초다. 패스 모바일운전면허는 통신사 본인인증앱인 패스 앱에 본인명의의 운전면허증을 등록한 후 신분증명 및 운전자격 확인에 이용하는 서비스다. 
 
지난해 9월 과학기술정보통신부 정보통신기술(ICT) 규제샌드박스를 통해 국내 첫 상용화된 디지털 공인 신분증이다. KT 가입자들은 휴대폰 기기변경과 유무선 서비스 가입·변경 및 해지 업무를 진행할 때, 실물 신분증 없이 KT 패스 모바일운전면허만 제시하면 된다. 신분증이 필요한 모든 업무에 패스 모바일운전면허를 적용할 수 있다. 
 
패스 모바일운전면허는 보안성과 편의성이 강점이다. QR코드와 바코드가 노출되는 화면에 캡처 방지 기술이 적용됐으며, QR코드 유효시간인 30초를 초과할 경우 QR코드를 초기화한다. 이에 더해 블록체인을 기반으로 데이터 위변조를 방지해 고객 정보를 보호한다. 또한 신분증 스캔 절차를 고객이 패스 앱에서 직접 대리점 전산으로 신분증 이미지를 전송할 수 있다. 
 
KT는 통신서비스 업무를 할 때 패스 모바일운전면허 이용을 활성화하기 위해 20일부터 KT 대리점에서 체험 고객을 대상으로 스타벅스 아메리카노 제공 이벤트를 진행한다. 기간은 9월 30일까지다. 서비스 체험이 가능한 대리점 등 자세한 내용은 패스 앱 이벤트 페이지를 통해 확인 가능하다. 모바일운전면허는 실물 운전면허증을 갖고 있고, 패스 앱에 가입한 고객 누구나 등록 가능하다. 
 
강주화 기자 rula@kmib.co.kr",..<b>모바일</b>운전면허 확.. 패스 <b>모바일</b>운전면허는 <b>통신</b>사 본<b>인인</b>증<b>앱인</b> 패스 <b>앱</b>에 본<b>인</b>명의의 운전면허증을 등록한 후 신분증명 및 운전자격 확<b>인</b>에 이용하는 서비스다...지난해 9월 <b>과학</b>기술<b>정보통신</b>부 <b>정보통신</b>기술(ICT) 규제샌드박스를 통해 국내 첫 상용화된 <b>디지털</b> 공<b>인</b> 신분증이다... 이에 더해 <b>블록체인</b>을 기반으로 <b>데이터</b> 위변조를 방지해 고객 정보를 보호한다...,2020-08-20T14:58:44.000+09:00,국민일보,"['IT_과학>모바일', 'IT_과학>보안', 'IT_과학>콘텐츠']",https://www.bigkinds.or.kr/resources/images/01100201/2020/08/20/01100201.20200820145901001.01.jpg,http://news.kmib.co.kr/article/view.asp?arcid=0014927453&code=61171811&cp=kd,"[""['신분증',"", ""'kt',"", ""'운전면허',"", ""'모바일운전면허',"", ""'대리점',"", ""'휴대폰',"", ""'통신사',"", ""'qr',"", ""'스타벅스',"", ""'과학기술정보통신부',"", ""'운전면허증',"", ""'면허증',"", ""'규제샌드박스']""]",모바일 신분증 휴대폰 KT 업계 모바일 신분증 휴대폰 KT 실물 신분증 패스 PASS 모바일 운전면허 확인 서비스 패스 모바일 운전면허 KT 유무선 통신 서비스 가입 20일 통신사 패스 모바일 운전면허 통신사 본인 인증앱 패스 본인명의 운전면허증 등록 신분증명 운전 자격 확인 이용 서비스 정보통신기술 과학기술정보통신부 정보 통신 ICT 규제샌드박스 상용화 신분증 디지털 공인 KT 휴대폰 기기 변경 가입 유무선 서비스 변경 해지 업무 진행 실물 신분증 모바일운전면허 KT 패스 모바일 운전면허 제시 신분증 업무 패스 모바일 운전면허 적용 패스 모바일 운전면허 보안성 편의성 QR코드 바코드 노출 화면 캡처 방지 적용 QR 코드 유효 시간 30초 초과 QR 초기화 블록체인 데이터 위변조 방지 고객 정보 보호 절차 신분증 스캔 고객 패스 대리점 전산 신분증 이미지 전송 KT 통신 서비스 업무 패스 모바일 운전면허 이용 활성화 20일 KT 대리점 체험 고객 대상 스타벅스 아메리카노 제공 이벤트 진행 기간   서비스 체험 가능 대리점 패스 패스 이벤트 페이지 확인 가능 모바일운전면허 실물 운전 면허증 패스 가입 고객 등록 가능
12,2100311.20200623,[쇼핑카트]편의점서 폰만 있으면 술·담배 산다…모바일 운전면허증 도입,"앞으로는 편의점에서 술과 담배를 비롯해 성인 인증이 필요한 상품을 살 때 실물 신분증이 없어도 된다. 스마트폰에 휴대전화에 저장된 QR코드나 바코드 스캔으로 신분을 확인할 수 있게 된다. 나이보다 어려 보여 술·담배 살 때마다 번번이 신분증을 요구받는 젊은이들이 특히 편해지게 됐다. 
 
편의점 CU 운영사 BGF리테일과 GS25 운영사 GS리테일은 이동통신 3사와 함께 스마트폰으로 운전면허증을 확인할 수 있는 서비스를 운영한다고 23일 밝혔다. 
 
모바일 운전면허증 확인 서비스는 과학기술정보통신부가 지난해 9월 규제 샌드박스 심의를 통해 임시 허용한 것으로, 실생활에 적용된 것은 이번이 처음이다. 
 
이 서비스는 이동통신 3사가 공동운영하는 패스(PASS) 애플리케이션(앱)을 기반으로 한다. 운전면허가 있는 고객이 패스 앱 내에서 모바일 운전면허 확인서비스 이용 약관에 동의한 후 인증을 거쳐 실물 면허증을 카메라로 촬영하면 된다. 
 
PASS 앱에 저장된 신분 정보는 편의점 계산대(POS·판매시점 정보관리) 시스템, 경찰청·도로교통공단의 운전면허정보 자동 검증 시스템과 실시간 연동돼 판매자는 고객의 미성년자 여부를 바로 확인할 수 있다. 
 
 PASS 앱에서 지문이나 핀 번호로 면허증 진위와 신청자 동일인 여부를 확인하는 만큼 신분증 도용이나 개인정보 유출 문제도 차단할 수 있다고 CU 측은 설명했다. 
 
이 서비스는 CU가 이미 22일부터 시작했고 GS25는 24일부터 시작한다. 
 
CU 관계자는 “하루 수백명이 방문하는 편의점에서 근무자와 고객 간 불필요한 오해 없이 명확하게 본인 인증이 이뤄질 수 있다는 점이 가장 큰 장점”이라고 말했다. 
 
송지택 BGF리테일 혁신부문장은 “생활 속 가장 가까운 소비 채널인 편의점에 모바일 신분 확인 서비스가 도입됨으로써 고객 및 점포 운영의 편의를 획기적으로 개선할 수 있을 것”이라고 말했다. 
/맹준호기자 next@sedaily.com","<b>모바일</b> 운전면허증 확<b>인</b> 서비스는 <b>과학</b>기술<b>정보통신</b>부가 지난해 9월 규제 샌드박스 심의를 통해 임시 허용한 것으로, 실생활에 적용된 것은 이번이 처음이다... 운전면허가 있는 고객이 패스 <b>앱</b> 내에서 <b>모바일</b> 운전면허 확<b>인</b>서비스 이용 약관에 동의한 후 <b>인</b>증을 거쳐 실물 면허증을 카메라로 촬영하면 된다.....<b>앱</b>에 저장된 신분 정보는 편의점 계산대(POS·판매시..",2020-06-23T10:29:10.000+09:00,서울경제,"['IT_과학>보안', 'IT_과학>모바일', '경제>서비스_쇼핑']",https://www.bigkinds.or.kr/resources/images/02100311/2020/06/23/02100311.20200623094448001.01.jpg,http://www.sedaily.com/NewsView/1Z45056NIT,"[""['편의점',"", ""'신분증',"", ""'면허증',"", ""'운영사',"", ""'운전면허',"", ""'cu',"", ""'리테일',"", ""'운전면허증',"", ""'송지택',"", ""'스마트폰',"", ""'pass',"", ""'gs',"", ""'관계자',"", ""'신청자',"", ""'만큼',"", ""'동일인']""]",편의점 담배 모바일 운전 면허증 편의점 담배 성인 인증 상품 신분증 실물 스마트폰 휴대전화 저장 QR코드 바코드 스캔 신분 확인 나이 담배 신분증 요구 젊은이들 편의점 CU 운영사 BGF 리테일 GS리테일 GS25 운영사 GS 리테일 이동 통신 스마트폰 운전면허증 확인 서비스 운영 23일 모바일 운전 면허증 확인 서비스 과학기술정보통신부 규제 샌드 박스 심의 임시 허용 실생활 적용 서비스 이동 통신 공동운영 패스 PASS 애플리케이션 운전면허 고객 패스 약관 모바일 운전면허 확인 서비스 이용 동의 인증 실물 면허증 카메라 촬영 PASS 저장 신분 정보 편의점 계산대 POS·판매시점 정보관리 경찰청 도로교통공단 검증 운전면허 정보 자동 검증 실시간 연동 판매자 고객 여부 확인 PASS 지문 면허증 진위 여부 신청자 동일인 확인 도용 만큼 신분증 개인 정보 유출 차단 CU 설명 서비스 CU 22일 시작 GS25 24일 시작 CU 관계자 하루 방문 편의점 근무자 고객 불필요 오해 본인 인증 장점 혁신부문장 송지택 BGF 리테일 혁신 문장 생활 소비 채널 편의점 모바일 신분 확인 서비스 고객 점포 운영 편의 획기적 개선
13,1101001.2020072408,"카카오 택시, GPS 기반 앱 미터기로 요금 산정","카카오모빌리티는 가맹형 브랜드 택시 ‘카카오 T 블루’에 위성항법시스템(GPS) 기반 앱 미터기를 도입했다고 24일 밝혔다. 10대 규모로 시범 운영하며 개선점을 찾아 보완한 뒤 다른 가맹형 브랜드 택시와 일반 택시로 서비스 확대할 계획이다.

앱 미터기는 지피에스 신호를 기반으로 시간·거리·속도를 계산해 요금을 산정한다. 기존 기계식 미터기는 바퀴 회전수로 거리와 속도를 계산했다. 앞서 카카오모빌리티는 지난해 과학기술정보통신부 주관 규제샌드박스 심의를 통해 ‘지피에스(GPS) 기반 앱미터기’ 사업에 대한 임시허가를 받은데 이어, 올 7월 국토교통부의 ‘앱 미터기 임시검정 기준안’을 최초로 통과했다.

스마트폰 앱으로 앱 미터기로 요금을 계산하는 카카오 택시를 불러 타면, 요금이 기사와 승객의 앱에 함께 표시된다. 앱 미터기로 택시요금을 계산하는 게 못미더우면 승차 뒤 기계식 미터기로 계산해달라고 요구하면 된다. 카카오모빌리티는 “카카오 택시 운전사는 배회영업(길에서 보이는 손님을 태우는 것)도 하는 특성상 앱 미터기와 기계식 미터기를 함께 사용한다”며 “승객이 선택할 수 있다”고 설명했다.

앱 미터기는 기계식 미터기에 견줘 요금제 변경이 쉽고, 다양한 부가서비스를 더할 수 있는 게 장점이다. 앱에 경로가 기록돼 ‘바가지 요금’ 등 운행 경로를 둘러싼 분쟁도 피할 수 있다. 류긍선 카카오모빌리티 대표는 “지피에스 기반 앱 미터기는 기존 기계식 미터기로는 불가능했던 탄력요금제와 사전 확정 요금제 등을 가능하게 해, 이용자의 선택권을 확대하고 편익증진에 기여할 수 있다”고 말했다.

김재섭 선임기자 jskim@hani.co.kr",‘카카오 T 블루’에 위성항법<b>시스템</b>(GPS) 기반 <b>앱</b> 미터기를 도입했다고 24일 밝혔다...<b>앱</b> 미터기는 지피에스 <b>신호</b>를 기반으로 시간·거리·속도를 계산해 요금을 산정한다... 앞서 카카오모빌리티는 지난해 <b>과학</b>기술<b>정보통신</b>부 주관 규제샌드박스 심의를 통해 .. <b>앱</b> 미터기로 택시요금을 계산하는 게 못미더우면 승차 뒤 <b>기계</b>식 미터기로 계산해달라고 요구하면 된다..,2020-07-24T11:18:59.000+09:00,한겨레,"['IT_과학>모바일', '지역>대구', 'IT_과학>콘텐츠']",https://www.bigkinds.or.kr/resources/images/01101001/2020/07/24/01101001.20200724110842003.01.jpg,http://www.hani.co.kr/arti/economy/it/955057.html,"[""['미터기',"", ""'카카오모빌리티',"", ""'지피에스',"", ""'기계식',"", ""'요금제',"", ""'특성상',"", ""'스마트폰',"", ""'류긍선',"", ""'과학기술정보통신부',"", ""'gps',"", ""'샌드',"", ""'위성항법시스템',"", ""'탄력요금제',"", ""'임시허가',"", ""'회전수',"", ""'이용자',"", ""'편익증진',"", ""'탄력요금',"", ""'앱미터기',"", ""'선택권',"", ""'부가서비스',"", ""'교통부',"", ""'불가능',"", ""'배회영업']""]",카카오 택시 GPS 미터기 요금 산정 카카오모빌리티 가맹 브랜드 택시 카카오 블루 위성항법시스템 GPS 미터 24일 규모 시범 운영 보완 택시 가맹 브랜드 일반 택시 서비스 확대 계획 미터기 지피에스 신호 거리 속도 계산 요금 산정 기계식 미터 바퀴 회전수 거리 속도 계산 카카오모빌리티 과학기술정보통신부 주관 규제 샌드 박스 심의 지피에스 GPS 앱미터기 사업 임시허가 국토 교통부 미터 임시 검정 기준 통과 스마트폰 미터기 요금 계산 카카오 택시 요금 기사 승객 표시 미터기 택시요금 계산 승차 기계식 미터 계산 요구 카카오모빌리티 운전사 카카오 택시 배회영업 손님 특성상 미터기 특성 기계식 미터 사용 승객 선택 설명 미터기 기계식 미터기 요금 변경 부가서비스 장점 경로 기록 바가지 요금 운행 경로 분쟁 대표 류긍선 카카오모빌리티 지피에스 미터기 기계식 미터 불가능 탄력요금제 요금제 사전 확정 요금 가능 이용자 선택권 확대 편익증진 기여
14,1100201.20200914,"와, 편의점! 드라이브 스루 픽업에 통신, 금융까지","편의점이 다양한 상품과 서비스를 확대하며 생활 밀착형 유통 플랫폼으로 영역을 넓히고 있다. 코로나19가 장기화하면서 편의점 상품 배달 서비스가 확대되고 각종 금융·통신 서비스까지 편의점에서 해결할 수 있게 됐다. 
 
13일 편의점 업계에 따르면 접근성이 뛰어난 이점을 십분 활용해 편의점들은 코로나19 상황 속에서도 다양한 생활 밀착형 서비스를 제공하고 있다. 
 
최근 두드러지게 다양해지는 서비스는 ‘배달’이다. 지난 3월부터 24시간 배달 서비스를 제공해 온 CU는 최근 드라이브스루 방식의 배달 서비스까지 구축했다. CU는 모바일 모빌리티 플랫폼 오원과 손잡고 편의점에 미리 주문한 제품을 정차한 차량에서 바로 받을 수 있는 ‘차량 픽업 서비스’를 최근 실시했다. 오원을 통해 소비자가 도착하는 시간이 편의점에 공유돼 서로 기다리는 시간과 대면 접촉 상황을 최소화할 수 있게 됐다. GS25는 누구나 집 근처 편의점 배달에 참여할 수 있는 ‘우리들의 딜리버리’ 서비스를 지난달 론칭했다. 
 
통신·금융 서비스도 편의점에서 쉽게 이용할 수 있다. 이마트24는 헬로모바일과 협업해 편의점에서 5분이면 휴대전화를 개통할 수 있도록 했다. 이마트24에서 헬로모바일 전용 유심을 구매하고 헬로모바일 다이렉트몰에 등록하면 바로 개통된다. 세븐일레븐은 휴대전화 보조배터리 공유서비스 ‘코끼리박스2’를 확대 운영한다. 인디카네트웍스와 협업하는 이 서비스는 4시간 동안 1500원만 내면 보조배터리를 사용할 수 있다. 대여와 반납은 공유서비스 이용이 가능한 가까운 편의점에서 하면 된다. 
 
편의점에서는 보험도 판다. GS25에서는 2500원만 내면 ‘홀인원 (플랜) 골프보험’에 가입할 수 있다. 보험 플랫폼 오픈 플랫과 함께하는 서비스다. CU에서는 편의점에 설치된 택배기기에서 복잡한 인증 절차 없이 반려동물 사진 한 장으로 간편하게 가입할 수 있는 ‘삼성화재 다이렉트 펫보험’도 판매하고 있다. 
 
편의점의 성장은 먹거리 상품의 성장과 함께했다. 최근엔 배달 서비스까지 결합해 편의점을 집 근처 슈퍼처럼 이용하는 소비자들이 늘면서 간편식뿐 아니라 반찬, 과일, 채소까지 상품 구성이 확대됐다. 취미용품도 쉽게 구할 수 있다. 집콕족이 증가하면서 GS25는 홈 가드닝 상품까지 판매한다. 
 
업계 한 관계자는 “편의점은 새로운 유통 트렌드를 가장 먼저 받아들이고 가장 먼저 새로운 시도를 시작하는 곳이 됐다”며 “코로나19로 인한 변화상도 편의점 상품과 서비스의 변화로 확인할 수 있다”고 설명했다. 
 
문수정 기자 thursday@kmib.co.kr",..<b>모바일</b> 모빌리티 플랫폼 오원과 손잡고 편의점에 미리 주문한 제품을 정차.. 이마트24는 헬로<b>모바일</b>과 협업해 편의점에서 5분이면 휴대전화를 개통할 수 있도록 했다... 이마트24에서 헬로<b>모바일</b> 전용 유심을 구매하고 헬로<b>모바일</b> 다이렉트몰에 등록하면 바로 개통된다...“코로나19로 <b>인</b>한 변화상도 편의점 상품과 서비스의 변화로 확<b>인</b>할 수 있다”고 설명했다...,2020-09-14T00:15:55.000+09:00,국민일보,"['IT_과학>모바일', 'IT_과학>콘텐츠', '경제>서비스_쇼핑']",https://www.bigkinds.or.kr/resources/images/01100201/2020/09/14/01100201.20200914001626001.01.jpg,http://news.kmib.co.kr/article/view.asp?arcid=0924155853&code=11151400,"[""['편의점',"", ""'코로나',"", ""'헬로모바일',"", ""'보조배터리',"", ""'휴대전화',"", ""'소비자',"", ""'다이렉트몰',"", ""'gs',"", ""'삼성화재',"", ""'원',"", ""'이마트',"", ""'스루',"", ""'cu']""]",편의점 픽업 드라이브 스루 통신 금융 진화 만능 편의점 편의점 상품 서비스 확대 생활 밀착 유통 플랫폼 영역 코로나19 장기화 편의점 상품 배달 서비스 확대 각종 금융 통신 서비스 편의점 해결 업계 편의점 접근성 활용 편의점들 코로나19 상황 서비스 생활 밀착 제공 서비스 배달 3월 서비스 시간 배달 제공 CU 드라이브스루 방식 배달 서비스 구축 CU 플랫폼 모바일 모빌리티 플랫폼 편의점 주문 제품 정차 차량 서비스 차량 픽업 소비자 도착 편의점 공유 상황 대면 접촉 최소화 GS25 근처 편의점 배달 참여 딜리버리 서비스 지난달 론칭 통신 금융 서비스 편의점 이용 이마트24 헬로모바일 협업 편의점 5분 휴대전화 개통 이마트24 유심 헬로모바일 전용 구매 헬로 모바일 다이렉트몰 등록 개통 세븐일레븐 휴대 전화 보조배터리 공유 서비스 코끼리 박스 확대 운영 인디카네트웍스 협업 서비스 4시간 1500원 보조배터리 사용 대여 반납 공유 서비스 이용 가능 편의점 편의점 보험 GS25 2500원 홀인원 플랜 골프보험 가입 보험 플랫폼 오픈 플랫 서비스 CU 편의점 설치 택배기기 인증 절차 반려 동물 사진 가입 펫보험 삼성화재 다이렉트 판매 편의점 성장 먹거리 상품 성장 배달 서비스 결합 편의점 슈퍼 근처 이용 소비자들 간편식 반찬 과일 채소 상품 구성 확대 취미용품 집콕족 증가 GS25 상품 가드닝 판매 업계 관계자 편의점 유통 트렌드 시도 시작 코로나19 변화상 편의점 상품 서비스 변화 확인 설명
15,7100501.202005131,"카카오페이, 모바일 전자고지 임시허가 획득","카카오페이(대표 류영준)는 지난 1월 과학기술정보통신부에 신청한 '민간・금융기관 모바일 전자고지'가 ICT 규제 샌드박스 승인을 받았다고 13일 밝혔다.

카카오페이는 ICT 규제 샌드박스 승인을 시작으로 민간〃 금융기관 영역까지 전자고지 서비스를 확대하며 서비스 활성화에 박차를 가할 계획이다.

카카오페이 사용자는 누구나 '카카오페이 인증'을 통해 행정〃공공기관 안내문부터 보험, 대출 관련 안내문 등 민간〃금융기관 중요문서를 수신, 열람할 수 있다.

별도 앱을 설치하지 않아도 카카오톡만 있으면 카카오페이로 인증서를 발급 받아 편리하게 중요문서를 받아볼 수 있다.

길재식기자 osolgil@etnews.com","카카오페이, <b>모바일</b> 전자고지 임시허가 획득 카카오페이(대표 류영준)는 지난 1월 <b>과학</b>기술<b>정보통신</b>부에 신청한 ..'민간・금융기관 <b>모바일</b> 전자고지'가 ICT 규제 샌드박스 승<b>인</b>을 받았다고 13일 밝혔다. ....<b>인</b>증'을 통해 행정〃공공기관 ..별도 <b>앱</b>을 설치하지 않아도 카카오톡만 있으면 카카오페이로 <b>인</b>증서를 발급 받아 편리하게 중요문서를 받아볼 수 있다. ..",2020-05-13T15:18:22.000+09:00,전자신문,"['IT_과학>모바일', 'IT_과학>보안']",https://www.bigkinds.or.kr/resources/images/07100501/2020/05/13/07100501.20200513151822001.01.jpg,http://www.etnews.com/20200513000342,"[""['카카오페이',"", ""'전자고지',"", ""'안내문',"", ""'카카오페',"", ""'중요문서',"", ""'ict',"", ""'금융기관',"", ""'통신부',"", ""'류영준',"", ""'공공기관',"", ""'샌드박스',"", ""'인증서',"", ""'카카오톡',"", ""'사용자',"", ""'서비스',"", ""'기관',"", ""'모바일',"", ""'민간',"", ""'승인',"", ""'고지',"", ""'대출',"", ""'획득',"", ""'금융',"", ""'영역',"", ""'별도',"", ""'전자',"", ""'규제',"", ""'과학',"", ""'정보',"", ""'행정',"", ""'인증',"", ""'계획',"", ""'박차',"", ""'발급',"", ""'열람',"", ""'편리',"", ""'수신']""]",카카오페이 모바일 전자 고지 임시 허가 획득 카카오페이 대표 류영준 과학 정보 통신부 신청 전자고지 민간 금융 기관 모바일 전자 고지 ICT 규제 샌드박스 승인 13일 카카오페이 ICT 규제 샌드박스 승인 시작 민간 금융 기관 영역 전자 고지 서비스 확대 서비스 활성 박차 계획 카카오페 사용자 카카오페 인증 행정 공공기관 안내문 보험 대출 안내문 대출 민간 금융기관 중요문서 수신 열람 별도 설치 카카오톡 카카오페이 인증서 발급 편리 중요문서
16,2100311.202006221,“무인주차도 카카오T 앱에서”…무인파킹 솔루션 출시,"모델들이 카카오모빌리티와 에스원(012750)이 손잡고 출시한 무인파킹 솔루션을 소개하고 있다./사진제공=카카오모빌리티 카카오(035720)모빌리티와 종합 안심솔루션 기업 에스원이 손잡고 ‘카카오 T’ 주차 서비스에 에스원의 건물관리 및 주차장 운영 노하우를 결합한 무인파킹 솔루션을 출시했다고 22일 밝혔다. 
 
무인파킹 솔루션의 가장 큰 특징은 사용자의 ‘편의성’이다. 카카오 T 애플리케이션에서 본인이 원하는 주차장을 선택하면 카카오내비 앱이 자동 실행되고, 경로가 안내된다. 또 사전 등록한 결제 정보를 통해 자동으로 정산이 이루어지기 때문에 간편하게 입·출차 할 수 있다. 
 
아울러 관리자가 편리하게 주차장을 운영할 수 있도록 요일·시간대별로 서비스 주차공간을 조정할 수 있다. 예를 들어 오피스 빌딩의 경우 평일에는 입주사 임직원들을 위해 카카오 T 앱에 노출되는 주차공간을 줄이고 주말에는 늘리는 등 탄력적으로 운영할 수 있다. 또 주차 설비에 대한 점검과 업데이트가 원격으로 가능해 관리비도 절감할 수 있다. 
 
이뿐만 아니라 주차 설비 장애나 화재 같은 긴급상황이 발생하면 에스원의 전국 100여개 지사에서 신속하게 출동하고 현장 대응한다. 
 
에스원 관계자는 “이번 무인파킹 솔루션 출시를 계기로 카카오모빌리티와의 협업을 강화해 나갈 방침”이라고 전했다. 
/백주원기자 jwpaik@sedaily.com","“무<b>인</b>주차도 카카오T <b>앱</b>에서”…무<b>인</b>파킹 솔루션 출시 모델들이 카카오모빌리티와 에스원(012750)이 손잡고 출시한 무<b>인</b>파킹 솔루션을 소개하고 있다./사진제공=카카오모빌리티 카카오(035720)모빌리티와 종합 안심솔루션 기업 에스원이 손잡고 .. 카카오 T 애플리케이션에서 본<b>인</b>이 원하는 주차장을 선택하면 카카오내비 <b>앱</b>이 자동 실행되고, 경로가 안내된다...",2020-06-22T09:43:01.000+09:00,서울경제,"['IT_과학>보안', 'IT_과학>모바일']",https://www.bigkinds.or.kr/resources/images/02100311/2020/06/22/02100311.20200622094355001.01.jpg,http://www.sedaily.com/NewsView/1Z44K4KO9I,"[""['에스원',"", ""'카카오모빌리티',"", ""'주차장',"", ""'무인파킹',"", ""'입주사',"", ""'카카오내비',"", ""'주차공간',"", ""'업데이트',"", ""'출차',"", ""'긴급상황',"", ""'관리자',"", ""'관리비',"", ""'사진제공',"", ""'사용자',"", ""'편의성',"", ""'시간대별',"", ""'모델들',"", ""'시간대',"", ""'건물관리',"", ""'임직원',"", ""'맞손',"", ""'모빌리티',"", ""'관계자',"", ""'무인주차',"", ""'카카오t',"", ""'카카오',"", ""'주차']""]",무인주차 카카오T 무인파킹 솔루션 출시 카카오모빌리티 에스원 맞손 모델들 카카오모빌리티 에스원 출시 솔루션 소개 사진제공 카카오모빌리티 카카오 모빌리티 종합 안심 솔루션 기업 에스원 카카오 주차 서비스 에스원 건물관리 노하우 주차장 운영 결합 솔루션 출시 22일 솔루션 특징 사용자 편의성 카카오 애플리케이션 카카오 본인 주차장 선택 카카오내비 자동 실행 경로 안내 사전 등록 결제 정보 자동 정산 출차 관리자 편리 주차장 운영 요일 시간대별 서비스 주차 공간 조정 오피스 빌딩 평일 입주사 임직원 카카오 카카오 노출 주차공간 주말 탄력적 운영 주차 설비 점검 업데이트 원격 가능 관리비 절감 장애 주차 설비 화재 긴급상황 발생 에스원 지사 전국 신속 출동 현장 대응 에스원 관계자 출시 솔루션 계기 카카오모빌리티 협업 강화 방침
17,2100201.202001221,"라온시큐어, 병무청 '블록체인 인증' 출범…""공공기관 최초""","[머니투데이 고석용 기자] 과학기술정보통신부가 주최한 ‘블록체인 진흥주간’에서 이재영 라온시큐어 이사(왼쪽)가 민원기 과기부 제2차관에게 병무청 블록체인 간편인증 서비스를 시연하고 있다. /사진제공=라온시큐어
보안기업 라온시큐어가 병무청과 함께 '블록체인 간편인증' 서비스를 출범한다고 22일 밝혔다. 국내 공공기관이 블록체인 플랫폼을 구축한 것은 이번이 처음이다. 

블록체인 간편인증 서비스는 '공인인증서 없는 민원서비스'를 목표로 지난해 4월부터 병무청과 라온시큐어가 공동 개발해왔다. 서비스 도입부터는 블록체인 기반 전자서명 서비스(DID)를 통해 공인인증서 없이도 로그인이 가능하다.

블록체인 간편인증 서비스를 이용하기 위해서는 구글플레이나 앱스토어에서 '병무청 간편인증 앱'을 다운받으면 된다. 이후 휴대폰인증으로 본인확인 과정 등을 진행하면 된다. 이후 병무청 민원포탈과 병무청 앱에서 블록체인 간편인증 로그인을 선택하면 자동으로 연계된다. 

라온시큐어 측은 이번 서비스가 블록체인 분산ID(DID) 기반의 신원증명이 가능한 ‘옴니원(OmniOne)’ 플랫폼이 적용됐다고 설명했다. 옴니원 플랫폼은 간편인증, 본인인증, 자격증명, 사물인증 등 서비스 확장이 가능한 플랫폼이다

이순형 라온시큐어 대표는 ""인증서 없는 블록체인 간편인증 플랫폼 구축으로 대국민 서비스 편익을 개선하고 동시에 민원처리 신뢰도를 높였다""며 ""공인인증서 외 대체인증 수단을 도입하고 본인확인 비용절감을 고민 중인 민간·공공기관에 서비스가 확대될 수 있도록 노력하겠다""고 말했다.",[머니투데이 고석용 기자] <b>과학</b>기술<b>정보통신</b>부가 주최한 ..'<b>블록체인</b> 간편<b>인</b>증' 서비스를 출범한다고 22일 밝혔다... 국내 공공기관이 <b>블록체인</b> 플랫폼을 구축한 것은 이번이 처음이다...<b>블록체인</b> 간편<b>인</b>증 서비스를 이용하기 위해서는 구글플레이나 <b>앱</b>스토어에서 .. 이후 병무청 민원포탈과 병무청 <b>앱</b>에서 <b>블록체인</b> 간편<b>인</b>증 로그<b>인</b>을 선택하면 자동으로 연계된다...,2020-01-22T11:35:24.000+09:00,머니투데이,"['IT_과학>보안', 'IT_과학>모바일', 'IT_과학>콘텐츠']",https://www.bigkinds.or.kr/resources/images/02100201/2020/01/22/02100201.20200122113524001.01.jpg,http://news.moneytoday.co.kr/view/mtview.php?no=2020012211240927830&type=2,"[""['병무청',"", ""'블록체',"", ""'라온시큐어',"", ""'공인인증서',"", ""'시큐어',"", ""'인증서',"", ""'옴니원',"", ""'본인확인',"", ""'신뢰도',"", ""'라온',"", ""'이순형',"", ""'민원기',"", ""'과기부',"", ""'공공기관',"", ""'대국민',"", ""'신원증명',"", ""'구글',"", ""'플레',"", ""'구글플레',"", ""'사진제공',"", ""'제차관',"", ""'사물인증',"", ""'공인인',"", ""'휴대폰인증',"", ""'앱스토어',"", ""'진흥주간',"", ""'과학기술정보통신부',"", ""'자격증명']""]",라온시큐어 병무청 블록체 인증 출범 공공기관 과학기술정보통신부 주최 블록체 진흥주간 왼쪽 제2차관 민원기 과기부 차관 병무청 블록체 인증 서비스 시연 사진제공 라온시큐어 보안 기업 라온 시큐어 병무청 블록체 인증 서비스 출범 22일 공공 블록체 플랫폼 구축 블록체 인증 서비스 공인인증서 민원서비스 4월 병무청 라온시큐어 공동 서비스 블록체 전자 서명 서비스 공인인증서 로그인 가능 블록체 인증 서비스 이용 구글플레 앱스토어 병무청 간편 인증 다운 휴대폰인증 본인확인 진행 병무청 민원 포탈 병무청 블록체 인증 로그인 선택 자동 연계 라온시큐어 서비스 블록체 분산ID 신원증명 가능 옴니원 OmniOne 플랫폼 적용 설명 옴니원 플랫폼 인증 본인인증 자격증명 사물인증 서비스 확장 가능 플랫폼 대표 이순형 라온 시큐어 인증서 블록체 구축 인증 플랫폼 편익 대국민 서비스 개선 동시 민원 처리 신뢰도 공인인증서 공인인 증서 대체 인증 수단 본인 확인 비용 절감 고민 민간 공공기관 서비스 확대 노력
18,1500701.2020013016,"5월 모바일 운전면허증 출시..과기정통부, 올해 ICT 규제샌드박스 정책 발표","모바일 운전면허증 예시 이미지. 과학기술정보통신부 제공.



 모바일 운전면허증이 오는 5월 시장에 출시된다. 또 시계처럼 착용해 심전도를 측정할 수 있는 '손목시계형 심전도 장치를 활용한 심장관리 서비스'도 다음 달 시장에서 만날 수 있다. 
 
 과학기술정보통신부는 30일 정부서울청사에서 브리핑을 열어 이 같은 내용을 담은 2020년 ICT(정보통신기술) 규제 샌드박스 추진 방향을 밝혔다. 
 
 과기정통부는 지난해 120건을 신청받아 신속처리 62건, 임시허가 18건, 실증특례 22건으로 총 102건을 처리, 85%의 처리율을 기록했다고 밝혔다. 또 7차례 심의위원회를 거쳐 40건이 신규지정됐고, 16건이 시장 출시로 이어졌다고 설명했다. 
 
 규제 샌드박스는 신기술이 출시될 때 기업에 불합리한 규제를 면제 또는 유예하는 제도다. 또 임시허가는 정부가 제품과 서비스의 출시를 일시적으로 허용하는 것이고, 실증특례는 제품·서비스를 검증하는 동안 규제를 면해주는 제도다. 
 
 실증특례 허가를 받은 기업은 일단 2년간 서비스를 제공하고, 이 기간에 문제가 없을 경우 1회 연장해 총 4년 동안 규제를 유예받을 수 있다. 
 
 주요 내용을 보면 SK텔레콤·KT·LG유플러스 등 통신3사는 오는 5월 모바일 운전면허증을 출시하기로 했다. 
 
 모바일 운전면허증이 도입되면 운전면허증 분실을 방지하고, 재발급 비용이 줄어드는 등 편의성이 크게 높아질 것으로 과기정통부는 기대했다. 
 
 또 '손목시계형 심전도 장치를 활용한 심장관리 서비스'의 경우 1차 병원에서 진료가 불가능한 심혈관계 질환자 2000 
 
 
 
 명을 대상으로 제한적으로 사용할 수 있도록 했다. 이 서비스는 내년 2월에 출시된다. 
 
 다만 2천명이라는 제한 규정과 조건 등을 두면서 규제개혁의 효과가 크지 않고 오히려 새로운 규제를 만든 게 아니냐는 비판도 제기될 것으로 보인다. 
 
 또 과기정통부는 GPS를 활용한 택시 앱 미터기. 모바일 환전 서비스. 가사 서비스 제공 플랫폼. 공유숙박 서비스, 이동형 가상현실 승마 체험 트럭 등이 상반기 중에 출시될 수 있도록 지원할 방침이다. 
 
 이와 함께 지난해 8월부터 출시된 심야 택시 동승 중개 서비스인 '반반택시'(코나투스)의 경우 가입자가 6만명, 기사가 8천명에 이르는 성과를 냈다고 소개했다. 
 
 또 '행정·공공기관 모바일 전자고지'의 경우 지난해 4월 출시 이후 15개 기관에서 2200만 건의 우편 고지서를 모바일로 발송해 65억7천만원의 비용절감 효과를 냈다고 설명했다. 
 
 1개의 주방에서 2명 이상의 사업자가 시간대를 달리해 영업할 수 있는 공유주방의 경우 지난해 8월 도입 이후 35건의 영업신고가 들어왔고, 9억9천만원의 초기 창업비용을 절감했다고 과기정통부는 밝혔다. 
 
 과기정통부는 올해 5G 응용 서비스, 인공지능(AI) 융합 등 신산업 기술 분야에서 대표 과제를 발굴하기로 했다. 특히 혁신적인 신기술 서비스인데도 이해 관계자와의 극심한 갈등으로 해결되지 못한 과제 등에 대해 관계부처와 협력을 강화, 해결을 위해 노력할 방침이다. 
 
 과기정통부는 주요 미해결 과제로 AI 기반 온라인 안경 판매 서비스와 원격화상 기반 일반의약품 판매기 등을 꼽았다. 이와 함께 실증 결과를 바탕으로 특례기간 종료 전이라도 안전성이 검증되면 관계 부처와 협력해 법령 등을 정비해 관련 산업 전반에 조기에 적용할 수 있도록 노력하기로 했다. 
 
 지난해 신속처리 완료된 과제 가운데 사업화로 이어진 과제가 많지 않아 기업 입장에서 사업 계획에 대한 구체성이 부족하다고 보고 창업기획자 1:1 연계 지원 등 사업화 컨설팅을 강화하기로 했다. 
 
 이밖에 신청기업이 신청 원본 서류를 우편과 이메일로 중복으로 제출하던 번거로움을 해소하기 위해 올해 상반기 중에 전자신청 시스템을 도입할 방침이다.","5월 <b>모바일</b> 운전면허증 출시..과기정통부, 올해 ICT 규제샌드박스 정책 발표 <b>모바일</b> 운전면허증 예시 <b>이미지</b>.....<b>과학</b>기술<b>정보통신</b>부는.. 주요 내용을 보면 SK텔레콤·KT·LG유플러스 등 <b>통신</b>3사는 오는 5월 <b>모바일</b> 운전면허증을 출시하기로 했다... 공유숙박 서비스, 이동형 <b>가상현실</b> 승마 체험 트럭 등이 상반기 중에 출시될 수 있도록 지원할 방침이다...",2020-01-30T15:37:50.000+09:00,부산일보,"['IT_과학>모바일', 'IT_과학>보안', 'IT_과학>콘텐츠']",https://www.bigkinds.or.kr/resources/images/01500701/2020/01/30/01500701.20200130153859001.01.jpg,http://www.busan.com/view/busan/view.php?code=2020013015372840170,"[""['정통부',"", ""'과기정통부',"", ""'실증특례',"", ""'면허증',"", ""'운전면허증',"", ""'ict',"", ""'사업화',"", ""'판매기',"", ""'상반기',"", ""'신속처리',"", ""'임시허가',"", ""'신기술',"", ""'과학기술정보통신부',"", ""'질환자',"", ""'신산업',"", ""'가상현실',"", ""'온라인',"", ""'통신부']""]",모바일 운전 면허증 출시 과기정통부 정책 ICT 규제 샌드박스 정책 모바일 운전 면허증 예시 이미지 과학 정보 통신부 제공 모바일 운전 면허증 시장 출시 시계 착용 심전도 측정 손목시계 심전 장치 활용 심장 관리 서비스 시장 과학기술정보통신부 정부 서울청사 브리핑 ICT 정보통신기술 규제 샌드박스 추진 방향 과기정통부 120건 신청 신속 처리 임시 허가 실증특례 102건 처리 85% 처리율 기록 심의 위원회 40건 신규지정 16건 시장 출시 설명 규제 샌드 박스 신기술 출시 기업 불합리 규제 면제 유예 제도 임시허가 정부 제품 서비스 출시 일시적 허용 실증특례 제품 서비스 검증 규제 제도 실증 특례 허가 기업 2년 서비스 제공 기간 연장 4년 규제 유예 SK텔레콤·KT·LG유플러스 통신3사 운전면허증 모바일 운전 면허증 출시 모바일 운전 면허증 운전 면허증 분실 방지 재발급 비용 편의성 과기정통부 손목시계 심전 장치 활용 심장 관리 서비스 병원 진료 불가능 심혈관 질환자 대상 제한적 사용 서비스 내년 출시 2천 제한 규정 조건 규제개혁 효과 규제 비판 제기 과기정통부 GPS 활용 택시 미터 서비스 모바일 환전 가사 서비스 제공 플랫폼 공유 숙박 서비스 트럭 이동 가상현실 승마 체험 상반기 출시 지원 방침 8월 출시 서비스 심야 택시 동승 중개 반반택시 코나투스 가입자 6만 기사 8천 성과 소개 행정 공공기관 모바일 전자고지 출시 기관 2200만 우편 고지서 모바일 발송 65억 비용 절감 효과 설명 1개 주방 2명 사업자 시간대 영업 공유주방 8월 35건 영업신고 9억 초기 창업 비용 절감 과기정통부 과기정통부 서비스 응용 인공지능 AI 융합 신산업 분야 대표 발굴 혁신적 서비스 이해 관계자 갈등 해결 관계부처 협력 강화 해결 노력 방침 과기정통부 미해결 AI 온라인 안경 판매 서비스 원격화상 일반 의약품 판매기 실증 결과 바탕 특례 기간 종료 안전성 검증 부처 협력 법령 정비 전반 산업 조기 적용 노력 신속처리 사업화 사업 기업 입장 사업 계획 구체성 부족 창업 기획자 1:1 연계 지원 사업 컨설팅 강화 서류 신청 원본 우편 이메일 중복 제출 해소 상반기 전자신청 방침
19,1100701.2020020208,카카오T 앱에서 기차표 예매부터 발권까지 한 번에?,"카카오모빌리티 류긍선 공동대표(오른쪽)와 한국철도공사 정왕국 부사장이 지난 29일 경기도 성남시 판교 카카오모빌리티 본사에서 ‘국민 생활 밀착형 철도 서비스’ 업무협약을 체결했다. 카카오 모빌리티 제공 
 카카오모빌리티는 국민 생활 밀착형 철도 서비스를 제공하기 위해 한국철도공사와 손을 맞잡았다고 30일 밝혔다. 
 
 양 기관은 철도 서비스를 모빌리티 플랫폼과 연계하고, 향후 철도와 타 교통수단을 연계한 통합서비스도 제공한다는 계획이다. 
 
 우선 카카오 T 앱에서 KTX, 새마을호, 무궁화호 등 다양한 종류의 기차표에 대해 실시간 예매 가능 현황을 확인하고, 구매, 결제, 발권까지 원스톱으로 가능해질 전망이다. 
 
 한국철도공사 산하의 전국 기차역 주차장과 ‘카카오 T 주차 서비스’를 연동하는 방안도 마련한다. 
 
 카카오 T 주차는 카카오 T 앱에서 주차의 전 과정을 원스톱으로 지원하는 스마트 주차 서비스다. 실시간으로 이용 가능한 주차장 확인은 물론, 카카오내비 연동을 통한 주차장 길 안내, 이후 카카오 T 앱으로 요금 확인, 자동결제까지 가능하다. 한국철도공사의 전국 주요 기차역 주차장도 연계함으로써 기차역까지 자가용으로 이동하는 이용자에게 편의를 제공할 수 있게 된다. 
 
 카카오모빌리티 류긍선 공동대표는 “이번 협약을 통해 카카오 T 앱 2400만 회원들에게 한국철도공사의 기차 서비스까지 제공함으로써 종합 모빌리티 플랫폼으로서의 위상이 더욱 공고해질 것”이라며 “카카오 T의 확장성이 무궁무진한 만큼, 한국철도 공사의 다양한 상품들을 연계하는 방안도 적극적으로 모색해나가겠다”고 말했다. 
 
 현화영 기자 hhy@segye.com","..<b>앱</b>에서 KTX, 새마을호, 무궁화호 등 다양한 종류의 기차표에 대해 실시간 예매 가능 현황을 확<b>인</b>하고,.. 카카오 T 주차는 카카오 T <b>앱</b>에서 주차의 전 과정을 원스톱으로 지원하는 스마트 주차 서비스다... 실시간으로 이용 가능한 주차장 확<b>인</b>은 물론, 카카오내비 연동을 통한 주차장 길 안내, 이후 카카오 T <b>앱</b>으로 요금 확<b>인</b>, 자동결제까지 가능하다...",2020-02-02T05:41:22.000+09:00,세계일보,"['IT_과학>모바일', 'IT_과학>콘텐츠']",https://www.bigkinds.or.kr/resources/images/01100701/2020/02/02/01100701.20200202054122001.01.jpg,http://www.segye.com/content/html/2020/01/31/20200131508427.html,"[""['한국철도공사',"", ""'주차장',"", ""'카카오모빌리티',"", ""'모빌리티',"", ""'실시간',"", ""'기차역',"", ""'기차표',"", ""'원스톱',"", ""'경기도',"", ""'류긍선',"", ""'정왕국',"", ""'새마을호',"", ""'한국철도',"", ""'만큼',"", ""'무궁무진',"", ""'무궁화호',"", ""'상품들',"", ""'이용자']""]",카카오T 기차표 예매 발권 공동대표 카카오모빌리티 류긍선 공동 대표 오른쪽 부사장 한국철도공사 정왕국 카카오모빌리티 경기도 성남시 판교 카카오모빌리티 서비스 국민 생활 밀착 철도 업무협약 체결 제공 카카오 모빌리티 카카오모빌리티 서비스 국민 생활 밀착 철도 제공 한국철도공사 30일 기관 철도 서비스 모빌리티 플랫폼 연계 철도 교통수단 연계 통합서비스 제공 계획 카카오 카카오 KTX 새마을호 무궁화호 종류 기차표 실시간 예매 가능 현황 확인 구매 결제 발권 원스톱 가능 전망 한국철도공사 산하 주차장 전국 기차역 카카오 카카오 주차 서비스 연동 방안 마련 카카오 주차 카카오 카카오 카카오 주차 원스톱 지원 서비스 스마트 주차 실시간 이용 가능 주차장 확인 카카오내비 연동 주차장 안내 주차장 카카오 카카오 요금 확인 자동결제 가능 한국철도공사 전국 기차역 주차장 연계 기차역 자가용 이동 이용자 편의 제공 공동대표 카카오모빌리티 류긍선 공동 대표 협약 카카오 한국철도공사 기차 서비스 제공 플랫폼 종합 모빌리티 위상 카카오 확장성 무궁무진 만큼 한국철도 공사 상품들 연계 방안 모색
20,2100851.2020091107,"""패스 앱과 은행계좌로 온라인에서도 스마트폰 개통한다""","[사진=KT 제공] 
 
이동통신사 통합 간편 본인확인 서비스인 패스(PASS)와 은행계좌를 인증하면 온라인으로도 휴대전화를 바로 개통할 수 있게 된다. 
 
KT는 패스 앱과 은행계좌 인증을 통해 비대면으로 이동통신 서비스에 가입할 수 있게 된다고 11일 밝혔다. 가입할 수 있는 온라인 채널은 KT샵 등이다. 
 
패스는 휴대전화와 핀(PIN) 번호, 지문과 안면인식 등 생체정보를 활용한 통신 3사의 간편 본인인증 앱이다. 은행 계좌 인증기술은 고객의 기존 은행계좌에 소액(1원)을 이체하면 입금내역을 확인한 뒤 인증값을 입력해 본인을 확인하는 방식이다. 두 서비스를 합쳐 본인 인증절차를 강화하고 부정사용 피해도 막을 수 있을 전망이다. 
 
현재까지는 비대면으로 이동통신 서비스를 가입하기 위해서는 범용 공인인증서를 이용하거나 신용카드 인증을 통해 본인확인 절차를 거쳐야 한다. 패스 앱으로는 기기변경과 유무선 서비스 가입과 변경, 해지업무만 가능했다. 
 
KT는 지난 6월 민간 규제 샌드박스 기구인 대한상공회의소(샌드박스 지원센터)에 비대면 이동통신 서비스 가입과 관련한 규제 샌드박스 임시허가를 신청했다. 신용카드를 갖고 있지 않거나 복잡한 인증서 발급절차 등으로 어려움을 겪는 고객의 불편을 해소하기 위해서다. 이후 지난 7월 과학기술정보통신부의 심사를 거쳐 비대면 이동통신 가입 서비스 임시허가를 받았다. 
 
이성환 KT 5G·GiGA사업본부장(상무)은 ""KT는 '언택트' 시대에 발맞춰 비대면 인증수단을 활용한 이동통신 가입 서비스를 처음 선보였다""며 ""KT는 고객의 입장에서 서비스 편의성과 만족도를 높일 수 있도록 꾸준히 혁신하겠다""고 말했다. 
차현아 기자 chacha@ajunews.com","..<b>통신</b>사 통합 간편 본<b>인</b>확<b>인</b> 서비스<b>인</b> 패스(P..패스는 휴대전화와 핀(PIN) 번호, 지문과 안면<b>인식</b> 등 생체정보를 활용한 <b>통신</b> 3사의 간편 본<b>인인</b>증 <b>앱</b>이다... 이후 지난 7월 <b>과학</b>기술<b>정보통신</b>부의 심사를 거쳐 비대면 이동<b>통신</b> 가입 서비스 임시허가를 받았다...'언택트' 시대에 발맞춰 비대면 <b>인</b>증수단을 활용한 이동<b>통신</b> 가입 서비스를 처음 선보였다""며 ..",2020-09-11T09:15:53.000+09:00,아주경제,"['IT_과학>모바일', 'IT_과학>보안', '경제>금융_재테크']",https://www.bigkinds.or.kr/resources/images/02100851/2020/09/11/02100851.20200911091630001.01.jpg,http://www.ajunews.com/view/20200911091200743,"[""['kt',"", ""'샌드박스',"", ""'온라인',"", ""'인증서',"", ""'비대면',"", ""'은행계좌',"", ""'임시허가',"", ""'신용카드',"", ""'이성환',"", ""'과학기술정보통신부',"", ""'휴대전화',"", ""'안면인식',"", ""'만족도',"", ""'본부장',"", ""'생체정보',"", ""'입금내역',"", ""'원',"", ""'해지업무',"", ""'대한상공회의소',"", ""'지원센터',"", ""'언택트',"", ""'샌드',"", ""'기기변경',"", ""'스마트폰']""]",패스 은행계좌 온라인 스마트폰 개통 사진 KT 제공 이동 통신사 통합 본인 확인 서비스 패스 PASS 은행계좌 인증 온라인 휴대전화 개통 KT 패스 은행 계좌 인증 비대면 이동 통신 서비스 가입 11일 가입 온라인 채널 KT샵 패스 휴대전화 PIN 지문 안면인식 생체정보 활용 통신 본인인증 인증기술 은행 계좌 인증 고객 은행계좌 소액 1원 이체 입금내역 확인 인증값 입력 본인 확인 방식 서비스 본인 인증 절차 강화 부정 사용 피해 전망 비대면 이동 통신 서비스 가입 범용 공인 인증서 이용 신용 카드 인증 본인 확인 절차 패스 기기변경 가입 유무선 서비스 변경 해지업무 가능 KT 기구 민간 규제 샌드 박스 대한상공회의소 샌드박스 지원센터 가입 이동 통신 서비스 임시허가 규제 샌드박스 임시 허가 신청 신용카드 인증서 발급 절차 어려움 고객 불편 해소 과학기술정보통신부 심사 이동 통신 가입 서비스 임시 허가 5G· 이성환 KT GiGA사업본부장 상무 KT 언택트 시대 인증 수단 활용 서비스 이동 통신 가입 KT 고객 입장 서비스 편의 만족도 혁신
21,2100701.202008201,"KT, 모바일 면허증으로 스마트폰 기변 OK","앞으로 KT가입자는 패스(PASS)앱의 모바일 운전면허증만으로도 스마트폰 기기 변경 등을 할 수 있게 된다. 
 
 KT는 통신3사 중 처음으로 패스(PASS) 앱의 ‘모바일운전면허 확인서비스(이하 패스 모바일운전면허)’로 KT의 유무선 통신서비스에 가입이 가능해진다고 20일 밝혔다. 
 
 패스 모바일운전면허는 통신사 본인인증앱인 패스 앱에 본인명의의 운전면허증을 등록한 후 신분증명 및 운전자격 확인에 이용하는 서비스다. 
 
 KT 가입자는 스마트폰 기기변경이나 유무선 서비스 가입·변경 및 해지 시 실물 신분증 없이 KT 패스 모바일운전면허만 제시하면 된다. 
 
 인터넷TV(IPTV) 분야를 제외한 신분증이 필요한 모든 업무에 패스 모바일운전면허가 적용된다. IPTV 업무 처리에도 추후 적용될 예정이다. 
 
 패스 모바일운전면허는 보안성과 편의성이 강점이다. QR코드와 바코드가 노출되는 화면에 캡처 방지 기술이 적용됐다. 블록체인 기반으로 데이터 위변조를 방지해 고객 정보를 보호한다. 
 
 또한 통신 서비스 가입 시 필요했던 신분증 스캔 절차를 고객이 패스 앱에서 직접 대리점 전산으로 신분증 이미지를 전송해 신분증 도용에 따른 부정 가입을 예방할 수 있다. 
 
 이성환 KT 5G·기가사업본부장은 “앞으로도 KT는 고객 중심의 유연한 사고로 고객이 필요로 하는 서비스를 심도 있게 고민하고 선보일 것”이라고 밝혔다. 
 
 KT는 20일부터 다음달 30일까지 KT 대리점에서 해당 서비스를 체험한 고객을 대상으로 스타벅스 아메리카노 제공 이벤트를 진행한다. 서비스 체험이 가능한 대리점 등 자세한 내용은 패스 앱 이벤트 페이지를 통해 확인 가능하다. 유동현 기자",‘<b>모바일</b>운전면허 확<b>인</b>서비스(이하 패스 <b>모바일</b>운전면허)’로 KT의 유무선 <b>통신</b>서비스에 가입이 가능해진다고 20일 밝혔다.. 패스 <b>모바일</b>운전면허는 <b>통신</b>사 본<b>인인</b>증<b>앱인</b> 패스 <b>앱</b>에 본<b>인</b>명의의 운전면허증을 등록한 후 신분증명 및 운전자격 확<b>인</b>에 이용하는 서비스다... <b>인</b>터넷TV(IPTV) 분야를 제외한 신분증이 필요한 모든 업무에 패스 <b>모바일</b>운전면허가 적용된다...,2020-08-20T11:42:14.000+09:00,헤럴드경제,"['IT_과학>모바일', 'IT_과학>보안', 'IT_과학>콘텐츠']",https://www.bigkinds.or.kr/resources/images/02100701/2020/08/20/02100701.20200820114214003.01.jpg,http://biz.heraldcorp.com/view.php?ud=20200820000502,"[""['신분증',"", ""'kt',"", ""'스마트폰',"", ""'운전면허',"", ""'대리점',"", ""'면허증',"", ""'모바일운전면허',"", ""'가입자',"", ""'기변',"", ""'iptv',"", ""'통신사',"", ""'이성환',"", ""'스타벅스',"", ""'다음달',"", ""'운전면허증']""]",KT 모바일 면허증 OK 스마트폰 기변 KT가입자 패스 PASS 모바일 운전 면허증 변경 스마트폰 기기 KT 통신3사 패스 PASS 모바일 운전면허 확인 서비스 패스 모바일 운전면허 KT 유무선 통신 서비스 가입 가능 20일 패스 모바일 운전면허 통신사 본인 인증앱 패스 본인명의 운전면허증 등록 신분증명 운전 자격 확인 이용 서비스 KT 가입자 스마트폰 기기 변경 가입 유무선 서비스 변경 해지 해지 실물 신분증 모바일운전면허 KT 패스 모바일 운전면허 제시 인터넷TV IPTV 분야 제외 신분증 업무 패스 모바일 운전면허 적용 처리 IPTV 업무 추후 적용 예정 패스 모바일 운전면허 보안성 편의성 QR코드 바코드 노출 화면 캡처 방지 적용 블록체 데이터 위변조 방지 고객 정보 보호 가입 통신 서비스 가입 절차 신분증 스캔 고객 패스 대리점 전산 신분증 이미지 전송 신분증 도용 부정 가입 예방 5G·기가사업 이성환 KT 기가 사업 본부장 KT 고객 중심 사고 고객 서비스 심도 고민 KT 20일 다음달 KT 대리점 서비스 체험 고객 대상 스타벅스 아메리카노 제공 이벤트 진행 서비스 체험 가능 대리점 패스 패스 이벤트 페이지 확인 가능
22,7100501.202003122,"'술도 모바일로 구매한다'...나우버스킹, 규제 샌드박스 통과","주류를 모바일로 주문하고 찾아가는 서비스가 가능해졌다.

종합 매장 운영・분석 서비스 '나우웨이팅'을 운영하는 나우버스킹은 지난해 12월 과학기술정보통신부에 신청한 '주류에 대한 스마트 주문 및 결제 서비스' 제도 개선 과제가 국세청의 '적극 행정'으로 처리됐다고 12일 밝혔다.

모바일을 통해 주문・결제한 상품을 고객이 직접 수령하는 방식의 스마트 주문 서비스는 주류를 단독으로 주문・결제하는 방식에는 허용되지 않아 그동안 수제맥주 전문점 등 주류 판매 위주의 일반음식점이 도입하기에는 한계가 있었다.

이번에 스마트 주문 방식의 주류 통신 판매가 허용되면서 수제 맥주 판매 외식업소나 운영 효율화가 절실한 야외 페스티벌 등에서 도입할 수 있게 됐다.

소상공인은 고객 정보와 주문・결제 데이터를 확보할 수 있어 데이터 기반 매장 운영이 가능해진다. 또한 고객이 스스로 원격 주문・결제할 수 있어 동시에 더 많은 주문을 받아 매장 회전율을 높일 수 있다. 이외에도 공간 혼잡도를 낮추고 운영비를 절감하는 등의 편익도 가져올 것으로 기대된다.

전상열 나우버스킹 대표는 “나우웨이팅이 운영하고 있는 카카오톡 챗봇주문이나 스마트 주문 활성화를 통해 소상공인의 데이터 경영, 운영비 절감, 업무 효율성 제고 등 디지털 전환이 이뤄질 수 있도록 힘쓸 것”이라고 말했다. 
 
 
유근일기자 ryuryu@etnews.com","'술도 <b>모바일</b>로 구매한다'...나우버스킹, 규제 샌드박스 통과 주류를 <b>모바일</b>로 주문하고 찾아가는 서비스가 가능해졌다. ..'나우웨이팅'을 운영하는 나우버스킹은 지난해 12월 <b>과학</b>기술<b>정보통신</b>부에 신청한 ..소상공<b>인</b>은 고객 정보와 주문・결제 <b>데이터</b>를 확보할 수 있어 <b>데이터</b> 기반 매장 운영이 가능해진다.....<b>인</b>의 <b>데이터</b> 경영, 운영비 절감, 업무 효율성 제..",2020-03-12T15:38:11.000+09:00,전자신문,"['경제>서비스_쇼핑', 'IT_과학>모바일', '경제>유통']",https://www.bigkinds.or.kr/resources/images/07100501/2020/03/12/07100501.20200312153811001.01.jpg,http://www.etnews.com/20200312000235,"[""['나우버스킹',"", ""'주문・결제',"", ""'그동안',"", ""'소상공인',"", ""'나우웨이팅',"", ""'버스킹',"", ""'운영비',"", ""'카카오톡',"", ""'전상열',"", ""'샌드박스',"", ""'국세청',"", ""'혼잡도',"", ""'음식점',"", ""'전문점',"", ""'일반음식점',"", ""'통신부',"", ""'나우']""]",모바일 구매 나우버스킹 통과 규제 샌드박스 주류 모바일 주문 서비스 가능 나우웨이팅 종합 매장 운영 서비스 운영 나우버스킹 과학 정보 통신부 신청 주류 스마트 주문 결제 서비스 제도 개선 국세청 적극 행정 처리 12일 모바일 주문・결제 상품 고객 수령 방식 서비스 스마트 주문 주류 단독 주문・결제 방식 허용 전문점 그동안 수제 맥주 위주 주류 판매 일반음식점 한계 방식 스마트 주문 판매 주류 통신 허용 수제 맥주 판매 외식 업소 운영 효율 야외 페스티벌 소상공인 고객 정보 주문 결제 데이터 확보 데이터 매장 운영 가능 고객 원격 주문 결제 동시 주문 매장 회전 이외 공간 혼잡도 운영비 절감 편익 대표 전상열 나우버스킹 나우웨이팅 운영 카카오톡 챗봇 주문 활성화 스마트 주문 활성 소상공인 데이터 경영 운영비 절감 업무 효율 디지털 전환
23,2100201.202001301,"""카카오 T앱에서 기차표 예매하세요""","[머니투데이 김지영 기자] 카카오모빌리티 류긍선 공동대표(오른쪽)과 한국철도공사 정왕국 부사장(왼쪽)이 29일 성남시 판교 카카오모빌리티 본사에서 ‘국민 생활 밀착형 철도 서비스’ 업무협약을 체결했다. /사진제공=카카오모빌리티
카카오 T 앱에서 기차표 실시간 확인·예매·­결제·발권까지 가능한 원스톱 서비스가 이르면 연내 출시될 전망이다. 

카카오모빌리티는 한국철도공사와 국민 생활 밀착형 철도 서비스를 제공하기 위한 업무협약을 체결했다고 30일 밝혔다.

이번 협약으로 카카오 T 앱에서 KTX, 새마을호, 무궁화호 등 다양한 종류의 기차표에 대해 실시간 예매 가능 현황을 확인할 수 있도록 서비스를 구축할 방침이다. 또 구매, 결제, 발권까지 원스톱으로 가능하게 할 예정이다. 이르면 연내 서비스를 시작한다는 목표다. 이후 카카오 T에서 제공되는 다른 서비스들과도 연계하는 방안도 모색한다는 계획이다.

한국철도공사 산하의 전국 기차역 주차장과 카카오 T 주차 서비스를 연동하는 방안도 마련한다. 카카오 T 주차는 카카오 T 앱에서 주차의 전 과정을 원스톱으로 지원하는 스마트 주차 서비스다. 실시간으로 이용 가능한 주차장 확인은 물론, 카카오내비 연동을 통한 주차장 길 안내, 이후 카카오 T 앱으로 요금 확인, 자동결제까지 가능하다. 한국철도공사의 전국 주요 기차역 주차장도 연계함으로써 기차역까지 자가용으로 이동하는 이용자들의 편의성도 극대화시킬 예정이다.

류긍선 카카오모빌리티 공동대표는 “이번 협약을 통해 카카오 T 앱 2400만 회원들에게 한국철도공사의 기차 서비스까지 제공함으로써 종합 모빌리티 플랫폼으로서의 위상이 더욱 공고해질 것”이라며 “카카오 T의 확장성이 무궁무진한 만큼, 한국철도 공사의 다양한 상품들을 연계하는 방안도 적극 모색해나가겠다”고 말했다.","카카오 T <b>앱</b>에서 기차표 실시간 확<b>인</b>·예매·­결제·발권까지 가능한 원스톱 서비스가 이르면 연내 출시될 전망이다... 카카오 T 주차는 카카오 T <b>앱</b>에서 주차의 전 과정을 원스톱으로 지원하는 스마트 주차 서비스다... 실시간으로 이용 가능한 주차장 확<b>인</b>은 물론, 카카오내비 연동을 통한 주차장 길 안내, 이후 카카오 T <b>앱</b>으로 요금 확<b>인</b>, 자동결제까지 가능..",2020-01-30T11:16:33.000+09:00,머니투데이,"['IT_과학>모바일', '경제>경제일반', 'IT_과학>콘텐츠']",https://www.bigkinds.or.kr/resources/images/02100201/2020/01/30/02100201.20200130111633001.01.jpg,http://news.moneytoday.co.kr/view/mtview.php?no=2020013010493028628&type=2,"[""['한국철도공사',"", ""'카카오모빌리티',"", ""'주차장',"", ""'실시간',"", ""'기차역',"", ""'기차표',"", ""'원스톱',"", ""'류긍선',"", ""'모빌리티',"", ""'정왕국',"", ""'성남시',"", ""'업무협약',"", ""'새마을호',"", ""'이용자',"", ""'편의성',"", ""'이용자들']""]",카카오 기차표 예매 공동대표 카카오모빌리티 류긍선 공동 대표 오른쪽 부사장 한국철도공사 정왕국 왼쪽 성남시 판교 카카오모빌리티 서비스 국민 생활 밀착 철도 업무협약 체결 사진제공 카카오모빌리티 카카오 카카오 확인 기차표 실시간 예매 결제 발권 가능 원스톱 서비스 연내 출시 전망 카카오모빌리티 한국철도공사 서비스 국민 생활 밀착 철도 제공 업무협약 체결 30일 협약 카카오 카카오 KTX 새마을호 무궁화호 종류 기차표 실시간 예매 가능 현황 확인 서비스 구축 방침 구매 결제 발권 원스톱 가능 예정 연내 서비스 시작 카카오 제공 서비스들 연계 방안 모색 계획 한국철도공사 산하 주차장 전국 기차역 카카오 카카오 주차 서비스 연동 방안 마련 카카오 주차 카카오 카카오 카카오 주차 원스톱 지원 서비스 스마트 주차 실시간 이용 가능 주차장 확인 카카오내비 연동 주차장 안내 주차장 카카오 카카오 요금 확인 자동결제 가능 한국철도공사 전국 기차역 주차장 연계 기차역 자가용 이동 이용자들 편의성 극대화 예정 공동대표 류긍선 카카오모빌리티 공동 대표 협약 카카오 한국철도공사 기차 서비스 제공 플랫폼 종합 모빌리티 위상 카카오 확장성 무궁무진 만큼 한국철도 공사 상품들 연계 방안 적극 모색
24,2100801.202001301,'카카오T' 앱에서 기차표 구매 가능해진다,"[아시아경제 부애리 기자] 앞으로는 카카오 T 애플리케이션에서 기차표를 예매할 수 있게 된다. 
 
카카오모빌리티는 한국철도공사와 업무협약을 체결하고 기차표 구매부터 발권까지 가능한 원스톱 서비스를 구축한다고 30일 밝혔다. 
 
이르면 올해 안에 카카오 T 앱에서 KTX, 새마을호, 무궁화호 등 다양한 종류의 기차표에 대해 실시간 예매 가능 현황을 확인하고, 구매, 결제, 발권까지 가능하게 된다. 
 
카카오모빌리티는 ""이번 협약을 바탕으로 철도 서비스를 모빌리티 플랫폼과 연계해 국민들의 철도 이용 편의를 증진하는 한편, 철도와 타 교통수단을 연계한 통합서비스도 제공하기 위해 다양하게 협력해 나갈 계획""이라고 밝혔다. 
 
카카오모빌리티는 한국철도공사 산하의 전국 기차역 주차장과 카카오 T 주차 서비스를 연동하는 방안도 마련한다. 카카오 T 주차는 실시간으로 이용 가능한 주차장 확인, 카카오내비 연동을 통한 주차장 길 안내, 요금 확인, 자동결제까지 가능한 서비스다. 
 
류긍선 카카오모빌리티 공동대표는""이번 협약을 통해 카카오 T 앱 2400만 회원들에게 한국철도공사의 기차 서비스까지 제공함으로써 종합 모빌리티 플랫폼으로서의 위상이 더욱 공고해질 것""이라며 ""카카오 T의 확장성이 무궁무진한 만큼, 한국철도 공사의 다양한 상품들을 연계하는 방안도 적극 모색해나가겠다""고 밝혔다. 
 
부애리 기자 aeri345@asiae.co.kr","이르면 올해 안에 카카오 T <b>앱</b>에서 KTX, 새마을호, 무궁화호 등 다양한 종류의 기차표에 대해 실시간 예매 가능 현황을 확<b>인</b>하고, 구매, 결제, 발권까지 가능하게 된다... 카카오 T 주차는 실시간으로 이용 가능한 주차장 확<b>인</b>, 카카오내비 연동을 통한 주차장 길 안내, 요금 확<b>인</b>, 자동결제까지 가능한 서비스다.....<b>앱</b> 2400만 회원들에게 한국철도공..",2020-01-30T09:22:53.000+09:00,아시아경제,"['IT_과학>모바일', '경제>경제일반', 'IT_과학>콘텐츠']",https://www.bigkinds.or.kr/resources/images/02100801/2020/01/30/02100801.20200130092253001.01.jpg,http:www.asiae.co.kr/article/2020013009221111164,"[""['주차장',"", ""'카카오모빌리티',"", ""'기차표',"", ""'한국철도공사',"", ""'실시간',"", ""'모빌리티',"", ""'류긍선',"", ""'기차역',"", ""'새마을호',"", ""'한국철도',"", ""'만큼',"", ""'무궁무진',"", ""'상품들',"", ""'무궁화호',"", ""'국민들',"", ""'업무협약',"", ""'통합서비스',"", ""'확장성',"", ""'자동결제',"", ""'교통수단',"", ""'공동대표']""]",카카오T 가능 기차표 구매 카카오 애플리케이션 카카오 기차표 예매 카카오모빌리티 한국철도공사 업무협약 체결 기차표 구매 발권 가능 원스톱 서비스 구축 30일 카카오 카카오 KTX 새마을호 무궁화호 종류 기차표 실시간 예매 가능 현황 확인 구매 결제 발권 가능 카카오모빌리티 협약 바탕 철도 서비스 모빌리티 플랫폼 연계 국민들 편의 철도 이용 증진 한편 철도 교통수단 연계 통합서비스 제공 협력 계획 카카오모빌리티 한국철도공사 산하 주차장 전국 기차역 카카오 카카오 주차 서비스 연동 방안 마련 카카오 주차 카카오 실시간 이용 가능 주차장 확인 카카오내비 연동 주차장 안내 주차장 요금 확인 자동결제 가능 서비스 공동대표 류긍선 카카오모빌리티 공동 대표 협약 카카오 한국철도공사 기차 서비스 제공 플랫폼 종합 모빌리티 위상 카카오 확장성 무궁무진 만큼 한국철도 공사 상품들 연계 방안 적극 모색
25,1100701.2020092106,"광주, 전국 첫 향토 호출 앱 ‘리본택시’ 시동","광주택시운송사업조합 소속 사업자들이 전국 지자체 최초로 자체 개발해 운영 중인 스마트폰 호출 앱 서비스 리본택시. 광주택시운송사업조합 제공 전국 지방자치단체 중 처음으로 ‘빨간 모자’를 쓴 향토 호출 애플리케이션(앱) ‘리본택시’가 광주시내를 누비고 있다. 리본택시는 광주택시운송사업조합 소속 사업자들이 자체 개발한 스마트폰 호출 앱 서비스로, 승객과 기사가 동시에 만족할 수 있도록 한 택시 모바일 플랫폼이다. 
 
 20일 광주택시운송사업조합에 따르면 79개 법인 택시 회사가 소속한 광주택시조합은 카카오택시의 기존 택시 시장 잠식 등에 대응하기 위해 자체적인 택시 호출 서비스를 구축했다. 모빌리티 전문회사 티원모빌리티가 스마트폰 앱에 접촉해 택시를 부를 수 있도록 한 플랫폼에다 기존 전화 호출 방식을 결합했다. 기사용·승객용 앱이 지난 14일부터 운영되고 있다. 
 
 이날까지 광주지역 1500대 택시에는 리본택시에 참여한 택시임을 알리는 광고 스티커가 배부돼 차량별 방범등과 차량 옆면 등에 부착했다. 리본택시에는 50개 법인 택시, 회사 택시 2200여대가 참여할 것으로 조합 측은 집계했다. 
 
 리본택시는 지난 4월 광주가 카카오모빌리티의 카카오T블루택시 시범사업 지역으로 선정되면서 나오게 됐다. 당시 광주 택시업계는 국토교통부가 카카오 가맹사업을 광주 일부 택시사업자에게 허가하면서 미가입 사업자와 마찰을 빚었다. 카카오T블루택시 진출 이후 3%대의 가맹수수료 지불에 따른 택시기사와 업체들의 부담이 가중되면서 택시 업계에 혁신이 필요하게 된 것이다. 
 
 리본택시는 운송 서비스뿐 아니라 생활 밀착형 서비스를 제공한다. 여성 고객들을 대상으로 한 안심 케어, 조용한 택시와 반려동물 동승 등 옵션을 제공한다. 또 앱 이용이 어려운 장애인과 노인들을 위해 목적지를 입력하지 않아도 호출할 수 있는 원터치 콜을 마련했다. 다문화 가정 등 외국인 이용 편의를 위해 7개의 외국어 서비스도 지원한다. 
 
 리본택시는 수수료를 부과하지 않아 손님과 기사가 동시에 만족할 만한 시스템이다. 택시 기사와 가맹법인들이 동시에 부담을 덜 수 있도록 수수료 체계를 차별화한 것이다. 조합 측은 자체 사업비로 리본택시 모바일 서비스 운영에 따른 유지비 등을 충당한다는 방침이다. 
 
 리본택시 성패의 관건은 홍보다. 택시운전사 강모씨는 “카카오(택시)를 추격하기 위해선 홍보가 더 활발히 이뤄져야 할 것 같다”며 “기사들도 직접 나서 명함을 나눠주는 등 홍보에 나서고 있지만, 시민들에게 좀 더 잘 알릴 법을 강구할 때”라고 말했다. 
 
 광주택시운송사업조합 관계자는 “앱 출시보다는 앞으로 리본택시 앱을 이용하는 고객이 얼마나 늘어나느냐가 가장 중요하다”며 “우선은 기사들이 손님들을 상대로 홍보할 방안을 모색하고 있다”고 말했다. 
 
 광주=한현묵 기자 hanshim@segye.com", 리본택시는 수수료를 부과하지 않아 손님과 기사가 동시에 만족할 만한 <b>시스템</b>이다... 택시 기사와 가맹법<b>인</b>들이 동시에 부담을 덜 수 있도록 수수료 체계를 차별화한 것이다... 조합 측은 자체 사업비로 리본택시 <b>모바일</b> 서비스 운영에 따른 유지비 등을 충당한다는 방침이다.....<b>앱</b> 출시보다는 앞으로 리본택시 <b>앱</b>을 이용하는 고객이 얼마나 늘어나느냐가 가장 중..,2020-09-21T03:02:33.000+09:00,세계일보,"['지역>광주', '지역>울산', '지역>대구']",https://www.bigkinds.or.kr/resources/images/01100701/2020/09/21/01100701.20200921030233001.01.jpg,http://www.segye.com/content/html/2020/09/20/20200920513432.html,"[""['리본택시',"", ""'광주',"", ""'사업자',"", ""'스마트폰',"", ""'수수료',"", ""'광주택시운송',"", ""'모빌리티',"", ""'관계자',"", ""'외국인']""]",광주 전국 향토 호출 리본택시 시동 사업자들 광주택시운송 사업 조합 소속 사업자 전국 지자체 자체 운영 리본택시 스마트폰 호출 서비스 리본 택시 광주택시운송 사업 조합 제공 전국 지방 자치 단체 모자 애플리케이션 향토 호출 리본택시 광주시내 리본택시 사업자들 광주택시운송 사업 조합 소속 사업자 자체 스마트폰 호출 서비스 승객 기사 동시 만족 플랫폼 택시 모바일 광주택시운송 사업 조합 법인 택시 회사 소속 광주택시조합 카카오택시 잠식 택시 시장 대응 자체적 서비스 택시 호출 구축 티원모빌리티 모빌리티 전문 회사 스마트폰 접촉 택시 플랫폼 방식 전화 호출 결합 기사용 승객용 14일 운영 이날 택시 광주 지역 리본택시 참여 택시 광고 스티커 배부 차량 방범등 차량 옆면 부착 리본택시 택시 법인 2200여대 회사 택시 참여 조합 집계 리본택시 광주 카카오모빌리티 지역 카카오 블루 택시 시범 사업 선정 택시업계 광주 택시 업계 국토교통부 카카오 가맹 사업 광주 택시사업자 허가 사업자 마찰 카카오 블루택시 진출 3%대 가맹 수수료 지불 택시기사 업체들 부담 가중 택시 업계 혁신 리본택시 운송 서비스 서비스 생활 밀착 제공 여성 고객 대상 안심 케어 택시 반려 동물 동승 옵션 제공 이용 장애인 노인들 목적지 입력 호출 원터치 마련 다문화 가정 편의 외국인 이용 7개 외국어 서비스 지원 리본택시 수수료 부과 손님 기사 동시 만족 택시 기사 가맹법인들 동시 부담 수수료 체계 차별화 조합 자체 사업비 리본택시 모바일 서비스 운영 유지비 충당 방침 리본택시 성패 홍보 택시운전사 카카오 택시 추격 홍보 기사들 명함 홍보 시민들 강구 광주택시운송 사업 조합 관계자 출시 리본택시 이용 고객 중요 우선 기사들 손님 상대 홍보 방안 모색
26,2100201.202008201,'모바일 운전면허증'으로 유무선 통신 가입한다,"[머니투데이 김수현 기자] [KT, 패스 모바일 운전면허 앱으로 유·무선 통신서비스 가입 가능케 해]


 /사진제공=KT
앞으로 주민등록증이나 운전면허증 등 실물 신분증 없이도 KT의 패스(PASS) 앱을 통해 유·무선의 KT 통신서비스에 가입할 수 있게 된다.

20일 KT에 따르면 KT 가입자는 휴대전화 기기변경과 유무선 서비스 가입·변경·해지 업무를 진행할 때 실물 신분증 없이 KT 패스 모바일운전면허만 제시하면 된다. 신분증이 필요한 대부분의 업무에 패스 모바일운전면허를 적용할 수 있다. 단, IPTV 업무 처리에는 추후 적용될 예정이다.

패스 모바일운전면허는 통신사 본인인증앱인 패스 앱에 본인명의의 운전면허증을 등록한 후 신분증명과 운전자격 확인에 이용하는 서비스다. 지난해 9월 과학기술정보통신부 정보통신기술(ICT) 규제샌드박스를 통해 국내에서 처음으로 상용화된 디지털 공인 신분증이기도 하다. 

모바일운전면허는 실물 운전면허증을 갖고 있고 패스 앱에 가입한 고객 누구나 등록할 수 있다. '패스 모바일 운전면허 확인서비스' 가입자는 지난 9일 기준으로 100만 명을 돌파했다.

이성환 KT 5G/GiGA사업본부장(상무)은 ""KT는 신분증 없이 패스 모바일운전면허만 있으면 통신서비스를 가입하고 해지할 수 있도록 해 고객 편의성을 한층 높였다""며 ""앞으로도 고객 중심의 유연한 사고로 고객이 필요로 하는 서비스를 심도 있게 고민해 선보일 것""이라고 말했다.",..<b>모바일</b>운전면허는 <b>통신</b>.. 지난해 9월 <b>과학</b>기술<b>정보통신</b>부 <b>정보통신</b>기술(ICT) 규제샌드박스를 통해 국내에서 처음으로 상용화된 <b>디지털</b> 공<b>인</b> 신분증이기도 하다...<b>모바일</b>운전면허는 실물 운전면허증을 갖고 있고 패스 <b>앱</b>에 가입한 고객 누구나 등록할 수 있다...'패스 <b>모바일</b> 운전면허 확<b>인</b>서비스' 가입자는 지난 9일 기준으로 100만 명을 돌파했다. ..,2020-08-20T09:58:45.000+09:00,머니투데이,"['IT_과학>모바일', 'IT_과학>보안', 'IT_과학>콘텐츠']",https://www.bigkinds.or.kr/resources/images/02100201/2020/08/20/02100201.20200820095325001.01.jpg,http://news.moneytoday.co.kr/view/mtview.php?no=2020082009382783700&type=2,"[""['kt',"", ""'운전면허',"", ""'신분증',"", ""'통신서비스',"", ""'가입자',"", ""'운전면허증',"", ""'면허증',"", ""'모바일운전면허',"", ""'이성환',"", ""'과학기술정보통신부',"", ""'통신사',"", ""'규제샌드박스',"", ""'샌드박스',"", ""'상용화',"", ""'본부장',"", ""'만',"", ""'정보통신기술']""]",모바일 운전 면허증 가입 유무선 통신 KT 운전면허 패스 모바일 운전면허 무선 가능 통신 서비스 가입 사진제공 KT 주민등록증 운전면허증 실물 신분증 KT 패스 PASS 무선 KT 통신 서비스 가입 KT KT 가입자 휴대 전화 기기 변경 가입 유무선 서비스 변경 해지 업무 진행 신분증 실물 모바일운전면허 KT 패스 모바일 운전면허 제시 신분증 업무 패스 모바일 운전면허 적용 처리 IPTV 업무 추후 적용 예정 패스 모바일 운전면허 통신사 본인 인증앱 패스 본인명의 운전면허증 등록 신분증명 운전 자격 확인 이용 서비스 정보통신기술 과학기술정보통신부 정보 통신 ICT 규제샌드박스 상용화 신분증 디지털 공인 모바일운전면허 실물 운전 면허증 패스 가입 고객 등록 패스 모바일 운전면허 확인 서비스 가입자 기준 100만 돌파 5G 이성환 KT GiGA사업본부장 상무 KT 신분증 패스 모바일 운전면허 통신서비스 가입 해지 고객 편의 고객 중심 사고 고객 서비스 심도 고민
27,2100201.2020081207,스마트폰에 쏙 '패스 모바일면허증' 50일만에 100만명,"[머니투데이 오상헌 기자] [이통3사 출시 '패스(PASS) 운전면허증 이용 확산...바코드·QR코드로 간편 신분 확인 ]

 
스마트폰 앱에 넣어 신분 확인을 할 수 있는 모바일 운전면허증 가입자가 약 50일 만에 100만 명을 넘어섰다. 

SK텔레콤 KT LG유플러스 등 이동통신 3사는 지난 6월 말 출시한 '패스(PASS) 모바일 운전면허 확인서비스' 가입자가 지난 9일 기준으로 100만 명을 돌파했다고 12일 밝혔다. 

패스 모바일운전면허는 이통3사의 패스 인증 앱에 본인명의 운전면허증을 등록해 온·오프라인에서 사용할 수 있는 서비스다. 지난해 9월 과학기술정보통신부 ICT 규제 샌드박스로 상용화된 디지털 공인 신분증이다.

지난 6월24일부터 전국 CU 편의점과 GS25 편의점 전매장에서는 미성년자 확인을 위한 신분증으로 활용되고 있다. 

이통업계와 유통업계에선 모바일 운전면허가 비대면(언택트) 트렌드 확산에 따른 무인 편의점과 마트 무인 계산대 등에서 쓰임새가 늘고 있다고 설명했다. 바코드와 QR코드 스캔만으로 간편하게 성인 확인이 가능해 청소년의 술∙담배 구매 등 일탈 행위를 예방할 수 있다는 것이다. 

지난 달 1일부터는 전국 27개 운전면허시험장에서 운전면허증 갱신이나 재발급, 영문 운전면허증 발급 업무에도 활용되고 있다. 패스 앱을 통해 신원 증명의 폭이 넓어지면서 면허장을 찾은 고객 편의가 높아졌다. 

이통3사와 경찰청은 교통경찰 검문 등 일선 경찰 행정에 모바일 운전면허를 적용하는 방안도 논의 중이다. 앞으론 금융거래와 이동통신 서비스 이용 때도 신원확인 용도로 패스 모바일운전면허를 이용할 수 있다. 

이통사 관계자는 ""신분증을 제출해야 하는 상황에서 패스 모바일운전면허의 바코드와 QR 코드를 스캔하면 신원 확인이 돼 모바일 신분증 생태계가 본격적으로 형성될 것으로 기대하고 있다""고 설명했다. 

렌터카와 공유 모빌리티 업계에서도 면허증을 실시간 확인해 무면허운전을 제한하고 사고를 예방할 수 있다는 점에서 패스 모바일운전면허의 적용을 검토하고 있다고 한다. 

이통3사는 가입자와 제휴처의 확대에 따른 개인정보 보호를 위해 1개의 통신사에서 1개의 휴대전화에만 운전면허증을 등록해 사용할 수 있는 '1인 1통신사 1휴대전화' 정책을 이어갈 계획이다. 이통3사만 제공할 수 있는 휴대전화 명의의 본인확인과 블록체인 기술 기반의 면허증 위∙변조 차단 기술, 경찰청과 도로교통공단 시스템 서버에 구축된 전용 네트워크와 암호화 시스템 등을 고도화할 방침이다.",스마트폰 <b>앱</b>에 넣어 신분 확<b>인</b>을 할 수 있는 <b>모바일</b> 운전면허증 가입자가 약 50일 만에 100만 명을 넘어섰다.....<b>모바일</b>운전면허는 이통3사의 패스 <b>인</b>.. 지난해 9월 <b>과학</b>기술<b>정보통신</b>부 ICT 규제 샌드박스로 상용화된 <b>디지털</b> 공<b>인</b> 신분증이다. .. 앞으론 금융거래와 이동<b>통신</b> 서비스 이용 때도 신원확<b>인</b> 용도로 패스 <b>모바일</b>운전면허를 이용할 수 있다...,2020-08-12T09:00:19.000+09:00,머니투데이,"['IT_과학>모바일', 'IT_과학>보안', 'IT_과학>콘텐츠']",https://www.bigkinds.or.kr/resources/images/02100201/2020/08/12/02100201.20200812090019001.01.jpg,http://news.moneytoday.co.kr/view/mtview.php?no=2020081208220978331&type=2,"[""['면허증',"", ""'운전면허증',"", ""'운전면허',"", ""'신분증',"", ""'편의점',"", ""'가입자',"", ""'만',"", ""'이통사',"", ""'휴대전화',"", ""'경찰청',"", ""'qr',"", ""'스마트폰',"", ""'과학기술정보통신부',"", ""'암호화',"", ""'개',"", ""'도로교통공단',"", ""'휴대',"", ""'모빌리티']""]",스마트폰 패스 모바일 면허증 50일 100만 패스 출시 PASS 확산 운전 면허증 이용 바코드 QR코드 신분 확인 스마트폰 신분 확인 가입자 모바일 운전 면허증 50일 100만 LG유플러스 SK 텔레콤 KT LG 유플러스 이동 통신 6월 출시 패스 PASS 확인서비스 모바일 운전면허 확인 서비스 가입자 기준 100만 돌파 12일 패스 모바일 운전면허 이통3사 패스 인증 본인명 운전면허증 등록 오프라인 사용 서비스 샌드박스 과학기술정보통신부 ICT 규제 샌드 박스 상용화 신분증 디지털 공인 6월 편의점 전국 CU 매장 GS25 편의점 확인 신분증 활용 이통업계 유통업계 모바일 운전면허 비대면 언택트 트렌드 확산 편의점 계산대 마트 무인 쓰임새 설명 바코드 QR 코드 스캔 성인 확인 가능 청소년 담배 구매 일탈 행위 예방 운전면허시험장 전국 운전면허 시험장 운전 면허증 갱신 재발급 영문 운전 면허증 발급 업무 활용 패스 신원 증명 면허장 고객 편의 이통3사 경찰청 교통 경찰 검문 행정 일선 경찰 모바일 운전면허 적용 방안 논의 금융거래 이용 이동 통신 서비스 이용 신원 확인 용도 패스 모바일 운전면허 이용 이통사 관계자 신분증 제출 상황 패스 모바일 운전면허 바코드 QR 코드 스캔 신원 확인 생태계 모바일 신분증 생태 본격적 형성 설명 렌터카 업계 공유 모빌리티 면허증 실시간 확인 무면허운전 제한 사고 예방 패스 모바일 운전면허 적용 검토 이통3사 가입자 제휴처 확대 개인 정보 보호 1개 통신사 1개 휴대전화 운전면허증 등록 사용 1휴대 전화 정책 계획 이통3사 제공 휴대 전화 명의 본인확인 블록체 면허증 변조 차단 경찰청 도로교통공단 서버 도로 교통 공단 구축 전용 네트워크 암호화 고도화 방침
28,1100701.202001302,모바일 운전면허증 5월 상용화,"모바일 운전면허증이 오는 5월 시장에 출시된다. 손목시계형 심전도 장치를 활용한 심장관리 서비스도 다음 달 선보인다. 
 
 과학기술정보통신부는 이러한 내용을 담은 ‘2020년 ICT(정보통신기술) 규제 샌드박스 추진 방향’을 30일 발표했다. 
 
 과기정통부는 지난해 신청받은 120건 중 △신속처리 62건 △임시허가 18건 △실증특례 22건으로 총 102건을 처리해 85%의 처리율을 기록했다고 밝혔다. 또 7차례 심의위원회를 거쳐 40건이 신규 지정, 16건은 시장 출시로 이어졌다고 설명했다. 
 
 규제 샌드박스는 신기술이 출시될 때 기업에 불합리한 규제를 면제 또는 유예하기 위한 제도다. 
 
 이에 따라 우선 이동통신 3사는 오는 5월 모바일 운전면허증을 출시한다. 모바일 운전면허증이 도입되면 운전면허증 분실을 방지하고, 재발급 비용이 줄어드는 등 편의성이 크게 높아질 것으로 기대된다. 
 
 손목시계형 심전도 장치를 활용한 심장관리 서비스는 1차 병원에서 진료가 불가능한 심혈관계 질환자 2000명을 대상으로 내년 2월에 출시된다. 
 
 장석영 과기정통부 제2차관은 “국민의 생명과 안전에 문제가 없는지 등에 대해 테스트하는 차원이기 때문에 2000명으로 제한하는 단서를 단 것”이라며 “문제가 없다면 범위가 확대되고 향후 관계 법령을 개정하는 것도 검토할 수 있을 것”이라고 설명했다. 
 
 김준영 기자 papenique@segye.com",<b>모바일</b> 운전면허증 5월 상용화 <b>모바일</b> 운전면허증이 오는 5월 시장에 출시된다.....<b>과학</b>기술<b>정보통신</b>부는 이러한 내..‘2020년 ICT(<b>정보통신</b>기술) 규제 샌드박스 추진 방향’을 30일 발표했다...△실증특례 22건으로 총 102건을 <b>처리</b>해 85%의 <b>처리</b>율을 기록했다고 밝혔다... 이에 따라 우선 이동<b>통신</b> 3사는 오는 5월 <b>모바일</b> 운전면허증을 출시한다...,2020-01-30T21:01:41.000+09:00,세계일보,"['IT_과학>모바일', 'IT_과학>보안']",https://www.bigkinds.or.kr/resources/images/01100701/2020/01/30/01100701.20200130210141001.01.jpg,http://www.segye.com/content/html/2020/01/30/20200130515495.html,"[""['면허증',"", ""'질환자',"", ""'과기정통부',"", ""'장석영',"", ""'운전면허증',"", ""'정통부',"", ""'위원회',"", ""'건',"", ""'ict',"", ""'건',"", ""'편의성',"", ""'정보통신기술',"", ""'재발급',"", ""'과학기술정보통신부',"", ""'건',"", ""'불가능',"", ""'처리율',"", ""'건',"", ""'샌드',"", ""'샌드박스',"", ""'불합리',"", ""'신기술',"", ""'심혈관',"", ""'제차관']""]",모바일 운전 면허증 상용 모바일 운전 면허증 시장 출시 손목시계 심전 장치 활용 심장 관리 서비스 과학기술정보통신부 ICT 정보통신기술 규제 샌드박스 추진 방향 30일 과기정통부 신청 120건 신속 처리 임시 허가 실증 특례 102건 처리 85% 처리율 기록 심의 위원회 40건 신규 지정 16건 시장 출시 설명 규제 샌드 박스 신기술 출시 기업 불합리 규제 면제 유예 제도 이동 통신 운전면허증 모바일 운전 면허증 출시 모바일 운전 면허증 운전 면허증 분실 방지 재발급 비용 편의성 손목시계 심전 장치 활용 심장 관리 서비스 병원 진료 불가능 2000명 심혈관 질환자 대상 내년 출시 제2차관 장석영 과기 정통부 차관 국민 생명 안전 테스트 차원 2000명 제한 단서 범위 확대 법령 향후 개정 검토 설명
29,2100501.2020020317,‘모바일 신분증’ 시대 온다,"5월부터 모바일 운전면허증 서비스 
차량공유·편의점 등서 이용 가능 

 

 

 
 
 
 
 
 
오는 5월부터 차량공유 서비스 '쏘카(SoCar)'를 이용할 때나, 편의점에서 술·담배 등 연령제한이 있는 물품을 구매할 때 주민등록증이나 운전면허증 같은 플라스틱 신분증 대신 스마트폰 애플리케이션(앱) 기반 '모바일 운전면허증'(사진)으로 운전자격이나 연령을 증명할 수 있게 된다.
 

 
모바일 운전면허증을 이용하면 이용자의 성명이나 주소 등 다른 개인정보는 노출하지 않으면서, 운전자격 여부나 나이만 증명할 수 있어 개인정보 유출의 위험을 줄일 수 있고, 타인의 운전면허증 도용으로 인한 무면허 운전의 위험도 예방할 수 있을 것으로 기대된다.
 

 
2일 관련업계에 따르면 과학기술정보통신부는 지난달 30일 정부서울청사에서 규제샌드박스 제도 1년에 대한 브리핑 자리에서 ""지난해 9월 정보통신기술(ICT) 규제 샌드박스로 지정한 '모바일 운전 면허증 서비스'를 오는 5월 시작하기 위해 사업을 준비 중""이라며 ""국내 최초로 스마트폰에서 신분증이 구현되는 모바일 운전 면허증을 통해 기존에 플라스틱 운전 면허증 분실 및 범죄 가능성은 낮추고 재발급 비용도 절감할 수 있게 됐다""고 밝혔다.
 

 
SK텔레콤·KT·LG유플러스 등 이동통신3사가 운영하는 스마트폰 기반 본인 인증 애플리케이션(앱) '패스(PASS, 옛 T인증·KT인증·U+인증통합)'와 경찰청의 운전면허정보 검증시스템을 연동한 '모바일 운전 면허증'이 본격 상용화되는 것이다.
 

 
이에 따라 운전면허를 보유한 사람은 자신의 스마트폰 앱 '패스'로 추가 신청·등록한 모바일 운전면허증 효력을 인정받게 된다. 현행 도로교통법상에는 모바일 운전면허증 신청·등록 및 효력에 대한 규정이 없었지만, 정부가 임시허가를 허용해주면서 상용화가 이뤄지게 됐다.
 

 
장석영 과기정통부 제2차관은 ""모바일 운전면허증과 택시 앱미터기 등이 시장에 조기 출시될 수 있도록 지원하는 한편, 실증결과를 바탕으로 기술·서비스 안전성이 검증되면 국무조정실, 관계부처와 법령정비 등 규제 개선을 추진해 나갈 예정이다""라고 강조했다.
 

 

elikim@fnnews.com 김미희 기자","..<b>모바일</b> 신분증’ 시대 온다..2일 관련업계에 따르면 <b>과학</b>기술<b>정보통신</b>부는 지난달 30일 정부서울청사에서 규제샌드박스 제도 1년에 대한 브리핑 자리에서 ..SK텔레콤·KT·LG유플러스 등 이동<b>통신</b>3사가 운영하는 스마트폰 기반 본<b>인</b> <b>인</b>증 애플리케이션(<b>앱</b>) ..'패스(PASS, 옛 T<b>인</b>증·KT<b>인</b>증·U+<b>인</b>증통합)'와 경찰청의 운전면허정보 검증<b>시스템</b>을 연동한 ..",2020-02-02T23:53:41.000+09:00,파이낸셜뉴스,"['IT_과학>보안', 'IT_과학>모바일', 'IT_과학>콘텐츠']",https://www.bigkinds.or.kr/resources/images/02100501/2020/02/03/02100501.20200203183419001.01.jpg,http://www.fnnews.com/news/202002021833435236,"[""['면허증',"", ""'운전면허증',"", ""'스마트폰',"", ""'차량공유',"", ""'장석영',"", ""'운전면허',"", ""'개인정보',"", ""'운전자격',"", ""'신분증',"", ""'편의점',"", ""'쏘카',"", ""'유플러스',"", ""'관계부처',"", ""'이동통신사',"", ""'법령정비',"", ""'조정실']""]",모바일 신분증 시대 온다 5월 서비스 모바일 운전 면허증 차량공유 편의점 이용 가능 5월 쏘카 차량 공유 서비스 SoCar 이용 편의점 담배 연령제한 물품 구매 주민 운전면허증 플라스틱 신분증 스마트폰 애플리케이션 모바일 운전 면허증 사진 운전자격 연령 증명 모바일 운전 면허증 이용 이용자 성명 주소 개인정보 노출 운전 자격 여부 나이 증명 개인 정보 유출 위험 타인 운전 면허증 도용 운전 위험 예방 2일 과학기술정보통신부 정부서울청사 지난달 정부 서울청사 1년 규제 샌드박스 제도 브리핑 자리 정보 통신 ICT 규제 샌드 박스 지정 모바일 운전 면허증 서비스 시작 사업 준비 스마트폰 신분증 면허증 모바일 운전 플라스틱 운전 면허증 분실 범죄 가능 비용 절감 SK텔레콤·KT·LG유플러스 이동통신3사 운영 스마트폰 애플리케이션 본인 인증 패스 PASS T인증·KT인증·U 인증통합 경찰청 운전면허 정보 검증 연동 면허증 모바일 운전 상용 운전면허 보유 사람 자신 스마트폰 패스 추가 신청 등록 효력 모바일 운전 면허증 현행 도로 교통 신청 모바일 운전 면허증 등록 효력 규정 정부 임시허가 허용 상용화 제2차관 장석영 과기 정통부 차관 모바일 운전 면허증 택시 앱미터기 시장 조기 출시 지원 한편 실증결과 바탕 서비스 안전성 검증 국무조정실 관계부처 법령정비 규제 개선 추진 예정 강조
